u,T,q*,tau,hb,u(s),#,taut,tauc,Da
3.6,7.0,184,0.051,30,7.8,1,1419.3,188.4,7.5
3.6,10.3,103,0.051,30,7.8,2,874.7,122.8,7.1
3.6,10.3,184,0.051,30,7.8,3,1658.7,122.8,13.5
3.6,13.6,-59,0.051,113,7.8,4,518.2,82.8,6.3
3.6,13.6,103,0.051,30,7.8,5,847.4,82.8,10.2
3.6,13.6,184,0.051,30,7.8,6,1689.5,82.8,20.4
3.6,16.9,22,0.051,30,7.8,7,680.0,56.8,12.0
3.6,20.2,22,0.051,30,7.8,8,693.4,41.5,16.7
3.6,20.2,184,0.051,30,7.8,9,1423.9,41.5,34.3
3.6,23.4,-59,0.051,30,7.8,10,517.8,30.8,16.8
3.6,23.4,-59,0.051,72,7.8,11,508.4,30.8,16.5
3.6,23.4,22,0.051,30,7.8,12,643.0,30.8,20.9
3.6,23.4,103,0.051,30,7.8,13,698.8,30.8,22.7
3.6,23.4,184,0.051,30,7.8,14,1358.6,30.8,44.1
3.6,26.7,-59,0.051,30,7.8,15,525.1,23.5,22.3
3.6,26.7,-59,0.051,72,7.8,16,521.1,23.5,22.2
3.6,26.7,22,0.051,30,7.8,17,678.6,23.5,28.9
3.6,26.7,22,0.051,72,7.8,18,649.6,23.5,27.6
3.6,26.7,103,0.051,30,7.8,19,809.9,23.5,34.5
3.6,26.7,184,0.051,30,7.8,20,1660.9,23.5,70.7
3.6,30.0,22,0.051,30,7.8,21,609.8,18.4,33.1
3.6,30.0,103,0.051,30,7.8,22,791.3,18.4,43.0
3.6,30.0,184,0.051,30,7.8,23,1235.0,18.4,67.1
4.8,3.7,103,0.051,30,7.8,24,521.4,299.4,1.7
4.8,3.7,103,0.127,30,12.3,25,514.1,299.4,1.7
4.8,3.7,184,0.051,30,7.8,26,801.2,299.4,2.7
4.8,7.0,103,0.051,30,7.8,27,523.8,188.4,2.8
4.8,7.0,184,0.051,30,7.8,28,825.5,188.4,4.4
4.8,7.0,184,0.279,30,18.1,29,946.3,188.4,5.0
4.8,10.3,-59,0.051,113,7.8,30,433.6,122.8,3.5
4.8,10.3,103,0.051,30,7.8,31,532.6,122.8,4.3
4.8,10.3,103,0.279,30,18.1,32,588.0,122.8,4.8
4.8,10.3,184,0.051,30,7.8,33,700.5,122.8,5.7
4.8,10.3,184,0.127,30,12.3,34,652.0,122.8,5.3
4.8,13.6,-59,0.051,113,7.8,35,437.2,82.8,5.3
4.8,13.6,22,0.051,30,7.8,36,537.1,82.8,6.5
4.8,13.6,22,0.051,72,7.8,37,523.1,82.8,6.3
4.8,13.6,103,0.051,30,7.8,38,530.1,82.8,6.4
4.8,13.6,103,0.127,30,12.3,39,570.1,82.8,6.9
4.8,13.6,103,0.203,30,15.5,40,1752.2,82.8,21.2
4.8,13.6,184,0.051,30,7.8,41,520.7,82.8,6.3
4.8,16.9,22,0.051,30,7.8,42,538.9,56.8,9.5
4.8,16.9,22,0.051,72,7.8,43,529.2,56.8,9.3
4.8,16.9,184,0.051,30,7.8,44,719.6,56.8,12.7
4.8,20.2,22,0.051,30,7.8,45,528.9,41.5,12.7
4.8,20.2,22,0.051,72,7.8,46,531.4,41.5,12.8
4.8,20.2,103,0.051,30,7.8,47,534.6,41.5,12.9
4.8,20.2,184,0.051,30,7.8,48,672.4,41.5,16.2
4.8,23.4,-59,0.051,30,7.8,49,416.4,30.8,13.5
4.8,23.4,-59,0.051,72,7.8,50,412.9,30.8,13.4
4.8,23.4,22,0.051,30,7.8,51,514.4,30.8,16.7
4.8,23.4,22,0.051,72,7.8,52,534.0,30.8,17.3
4.8,23.4,103,0.051,30,7.8,53,524.9,30.8,17.0
4.8,23.4,103,0.051,72,7.8,54,987.6,30.8,32.1
4.8,23.4,184,0.051,30,7.8,55,516.5,30.8,16.8
4.8,26.7,-59,0.051,30,7.8,56,425.8,23.5,18.1
4.8,26.7,-59,0.051,72,7.8,57,431.4,23.5,18.4
4.8,26.7,22,0.051,30,7.8,58,516.4,23.5,22.0
4.8,26.7,22,0.051,72,7.8,59,507.4,23.5,21.6
4.8,26.7,103,0.051,30,7.8,60,548.5,23.5,23.3
4.8,26.7,103,0.051,72,7.8,61,632.3,23.5,26.9
4.8,26.7,184,0.051,30,7.8,62,781.7,23.5,33.3
4.8,30.0,-59,0.051,30,7.8,63,404.4,18.4,22.0
4.8,30.0,22,0.051,30,7.8,64,523.5,18.4,28.5
4.8,30.0,22,0.051,72,7.8,65,536.9,18.4,29.2
4.8,30.0,103,0.051,30,7.8,66,531.9,18.4,28.9
4.8,30.0,103,0.051,72,7.8,67,1121.9,18.4,61.0
6.0,3.7,-141,0.127,30,12.3,68,387.7,299.4,1.3
6.0,3.7,-141,0.127,72,12.3,69,372.9,299.4,1.2
6.0,3.7,-59,0.051,30,7.8,70,399.0,299.4,1.3
6.0,3.7,103,0.127,30,12.3,71,367.0,299.4,1.2
6.0,3.7,184,0.051,30,7.8,72,454.2,299.4,1.5
6.0,3.7,184,0.127,30,12.3,73,448.4,299.4,1.5
6.0,7.0,-59,0.051,30,7.8,74,418.6,188.4,2.2
6.0,7.0,-59,0.127,30,12.3,75,362.6,188.4,1.9
6.0,7.0,103,0.051,30,7.8,76,454.1,188.4,2.4
6.0,7.0,103,0.127,30,12.3,77,349.1,188.4,1.9
6.0,7.0,184,0.051,30,7.8,78,450.8,188.4,2.4
6.0,7.0,184,0.127,30,12.3,79,466.7,188.4,2.5
6.0,10.3,-141,0.051,30,7.8,80,358.0,122.8,2.9
6.0,10.3,-59,0.051,113,7.8,81,414.2,122.8,3.4
6.0,10.3,-59,0.127,30,12.3,82,372.4,122.8,3.0
6.0,10.3,22,0.127,30,12.3,83,367.8,122.8,3.0
6.0,10.3,103,0.051,30,7.8,84,457.3,122.8,3.7
6.0,10.3,103,0.127,30,12.3,85,444.7,122.8,3.6
6.0,10.3,184,0.051,30,7.8,86,459.4,122.8,3.7
6.0,10.3,184,0.127,30,12.3,87,407.3,122.8,3.3
6.0,13.6,-141,0.051,113,7.8,88,351.6,82.8,4.2
6.0,13.6,-141,0.127,72,12.3,89,373.7,82.8,4.5
6.0,13.6,-59,0.051,72,7.8,90,455.5,82.8,5.5
6.0,13.6,-59,0.127,30,12.3,91,368.4,82.8,4.4
6.0,13.6,22,0.051,30,7.8,92,465.9,82.8,5.6
6.0,13.6,22,0.051,72,7.8,93,448.0,82.8,5.4
6.0,13.6,22,0.127,30,12.3,94,360.7,82.8,4.4
6.0,13.6,22,0.127,72,12.3,95,1554.1,82.8,18.8
6.0,13.6,103,0.051,30,7.8,96,458.7,82.8,5.5
6.0,13.6,103,0.127,30,12.3,97,385.6,82.8,4.7
6.0,13.6,184,0.051,30,7.8,98,446.4,82.8,5.4
6.0,13.6,184,0.127,30,12.3,99,349.2,82.8,4.2
6.0,16.9,-59,0.051,30,7.8,100,404.2,56.8,7.1
6.0,16.9,-59,0.051,113,7.8,101,430.0,56.8,7.6
6.0,16.9,22,0.051,30,7.8,102,459.3,56.8,8.1
6.0,16.9,22,0.051,72,7.8,103,464.4,56.8,8.2
6.0,16.9,22,0.051,113,7.8,104,462.8,56.8,8.1
6.0,16.9,22,0.127,30,12.3,105,359.6,56.8,6.3
6.0,16.9,103,0.051,30,7.8,106,456.6,56.8,8.0
6.0,16.9,103,0.127,30,12.3,107,414.4,56.8,7.3
6.0,16.9,184,0.051,30,7.8,108,447.0,56.8,7.9
6.0,16.9,184,0.127,30,12.3,109,443.4,56.8,7.8
6.0,20.2,-141,0.051,72,7.8,110,344.1,41.5,8.3
6.0,20.2,-59,0.051,30,7.8,111,410.0,41.5,9.9
6.0,20.2,-59,0.051,72,7.8,112,435.2,41.5,10.5
6.0,20.2,-59,0.051,113,7.8,113,428.7,41.5,10.3
6.0,20.2,-59,0.127,30,12.3,114,368.4,41.5,8.9
6.0,20.2,-59,0.127,113,12.3,115,373.4,41.5,9.0
6.0,20.2,22,0.051,30,7.8,116,443.0,41.5,10.7
6.0,20.2,22,0.051,72,7.8,117,437.6,41.5,10.5
6.0,20.2,22,0.051,113,7.8,118,439.1,41.5,10.6
6.0,20.2,103,0.051,30,7.8,119,464.0,41.5,11.2
6.0,20.2,103,0.127,30,12.3,120,350.8,41.5,8.5
6.0,20.2,184,0.051,30,7.8,121,514.1,41.5,12.4
6.0,20.2,184,0.127,30,12.3,122,568.3,41.5,13.7
6.0,23.4,-222,0.051,113,7.8,123,356.3,30.8,11.6
6.0,23.4,-141,0.051,30,7.8,124,353.4,30.8,11.5
6.0,23.4,-141,0.051,72,7.8,125,345.0,30.8,11.2
6.0,23.4,-59,0.051,30,7.8,126,418.1,30.8,13.6
6.0,23.4,-59,0.051,72,7.8,127,395.5,30.8,12.8
6.0,23.4,-59,0.051,113,7.8,128,397.0,30.8,12.9
6.0,23.4,-59,0.051,155,7.8,129,426.5,30.8,13.8
6.0,23.4,-59,0.127,72,12.3,130,360.9,30.8,11.7
6.0,23.4,-59,0.127,113,12.3,131,500.5,30.8,16.2
6.0,23.4,22,0.051,30,7.8,132,428.1,30.8,13.9
6.0,23.4,22,0.051,72,7.8,133,462.4,30.8,15.0
6.0,23.4,22,0.051,113,7.8,134,458.0,30.8,14.9
6.0,23.4,103,0.051,30,7.8,135,476.0,30.8,15.5
6.0,23.4,103,0.051,72,7.8,136,710.2,30.8,23.1
6.0,23.4,103,0.127,30,12.3,137,379.8,30.8,12.3
6.0,23.4,184,0.051,30,7.8,138,451.0,30.8,14.6
6.0,26.7,-141,0.051,30,7.8,139,359.4,23.5,15.3
6.0,26.7,-141,0.051,72,7.8,140,366.1,23.5,15.6
6.0,26.7,-59,0.051,30,7.8,141,445.1,23.5,18.9
6.0,26.7,-59,0.051,72,7.8,142,385.3,23.5,16.4
6.0,26.7,-59,0.051,113,7.8,143,395.6,23.5,16.8
6.0,26.7,-59,0.127,72,12.3,144,367.2,23.5,15.6
6.0,26.7,22,0.051,30,7.8,145,443.5,23.5,18.9
6.0,26.7,22,0.051,72,7.8,146,460.3,23.5,19.6
6.0,26.7,22,0.051,113,7.8,147,456.9,23.5,19.4
6.0,26.7,22,0.127,30,12.3,148,372.2,23.5,15.8
6.0,26.7,103,0.051,30,7.8,149,462.0,23.5,19.7
6.0,26.7,103,0.051,72,7.8,150,459.4,23.5,19.6
6.0,26.7,103,0.051,113,7.8,151,3575.6,23.5,152.2
6.0,26.7,103,0.127,30,12.3,152,397.8,23.5,16.9
6.0,26.7,184,0.051,30,7.8,153,443.7,23.5,18.9
6.0,26.7,184,0.051,72,7.8,154,1760.6,23.5,74.9
6.0,30.0,-59,0.051,30,7.8,155,403.2,18.4,21.9
6.0,30.0,22,0.051,30,7.8,156,468.4,18.4,25.5
6.0,30.0,22,0.051,72,7.8,157,452.5,18.4,24.6
6.0,30.0,22,0.051,113,7.8,158,451.8,18.4,24.6
6.0,30.0,22,0.127,30,12.3,159,371.7,18.4,20.2
6.0,30.0,103,0.051,30,7.8,160,457.3,18.4,24.9
6.0,30.0,103,0.051,72,7.8,161,497.9,18.4,27.1
6.0,30.0,103,0.051,113,7.8,162,2775.7,18.4,150.9
7.2,0.5,103,0.127,30,12.3,163,301.0,482,0.6
7.2,0.5,103,0.127,72,12.3,164,567.4,482,1.2
7.2,0.5,184,0.127,30,12.3,165,347.9,482,0.7
7.2,0.5,184,0.127,72,12.3,166,416.0,482,0.9
7.2,3.7,-59,0.127,30,12.3,167,317.6,299.4,1.1
7.2,3.7,-59,0.127,72,12.3,168,317.7,299.4,1.1
7.2,3.7,-59,0.127,113,12.3,169,395.1,299.4,1.3
7.2,3.7,-59,0.203,30,15.5,170,290.2,299.4,1.0
7.2,3.7,-59,0.203,72,15.5,171,278.5,299.4,0.9
7.2,3.7,103,0.127,30,12.3,172,321.7,299.4,1.1
7.2,3.7,103,0.127,72,12.3,173,531.5,299.4,1.8
7.2,3.7,184,0.127,30,12.3,174,329.8,299.4,1.1
7.2,3.7,184,0.127,72,12.3,175,1077.2,299.4,3.6
7.2,7.0,-222,0.127,30,12.3,176,320.9,188.4,1.7
7.2,7.0,-59,0.051,30,7.8,177,384.3,188.4,2.0
7.2,7.0,-59,0.127,30,12.3,178,314.1,188.4,1.7
7.2,7.0,-59,0.127,72,12.3,179,312.7,188.4,1.7
7.2,7.0,-59,0.127,113,12.3,180,318.8,188.4,1.7
7.2,7.0,-59,0.127,155,12.3,181,311.1,188.4,1.7
7.2,7.0,-59,0.203,30,15.5,182,290.1,188.4,1.5
7.2,7.0,-59,0.203,72,15.5,183,306.6,188.4,1.6
7.2,7.0,22,0.051,30,7.8,184,417.0,188.4,2.2
7.2,7.0,22,0.051,72,7.8,185,411.2,188.4,2.2
7.2,7.0,103,0.051,30,7.8,186,397.1,188.4,2.1
7.2,7.0,103,0.127,30,12.3,187,301.9,188.4,1.6
7.2,7.0,184,0.051,30,7.8,188,401.3,188.4,2.1
7.2,7.0,184,0.127,30,12.3,189,311.4,188.4,1.7
7.2,10.3,-222,0.127,30,12.3,190,327.1,122.8,2.7
7.2,10.3,-141,0.051,30,7.8,191,341.1,122.8,2.8
7.2,10.3,-141,0.127,30,12.3,192,319.5,122.8,2.6
7.2,10.3,-141,0.127,113,12.3,193,315.5,122.8,2.6
7.2,10.3,-59,0.051,30,7.8,194,432.2,122.8,3.5
7.2,10.3,-59,0.051,113,7.8,195,403.2,122.8,3.3
7.2,10.3,-59,0.127,30,12.3,196,319.9,122.8,2.6
7.2,10.3,-59,0.127,72,12.3,197,320.6,122.8,2.6
7.2,10.3,-59,0.127,155,12.3,198,314.1,122.8,2.6
7.2,10.3,22,0.051,30,7.8,199,413.9,122.8,3.4
7.2,10.3,22,0.127,30,12.3,200,325.0,122.8,2.6
7.2,10.3,103,0.051,30,7.8,201,404.2,122.8,3.3
7.2,10.3,103,0.127,30,12.3,202,315.0,122.8,2.6
7.2,10.3,184,0.051,30,7.8,203,403.5,122.8,3.3
7.2,10.3,184,0.127,30,12.3,204,307.2,122.8,2.5
7.2,13.6,-222,0.127,72,12.3,205,323.3,82.8,3.9
7.2,13.6,-141,0.051,72,7.8,206,368.7,82.8,4.5
7.2,13.6,-141,0.127,72,12.3,207,311.7,82.8,3.8
7.2,13.6,-141,0.127,155,12.3,208,320.9,82.8,3.9
7.2,13.6,-59,0.051,30,7.8,209,378.9,82.8,4.6
7.2,13.6,-59,0.051,72,7.8,210,406.4,82.8,4.9
7.2,13.6,-59,0.127,30,12.3,211,311.6,82.8,3.8
7.2,13.6,-59,0.127,72,12.3,212,316.5,82.8,3.8
7.2,13.6,-59,0.127,113,12.3,213,312.8,82.8,3.8
7.2,13.6,22,0.051,30,7.8,214,410.9,82.8,5.0
7.2,13.6,22,0.051,72,7.8,215,413.2,82.8,5.0
7.2,13.6,22,0.127,30,12.3,216,317.4,82.8,3.8
7.2,13.6,22,0.127,72,12.3,217,379.0,82.8,4.6
7.2,13.6,103,0.051,30,7.8,218,411.4,82.8,5.0
7.2,13.6,103,0.127,30,12.3,219,311.3,82.8,3.8
7.2,13.6,103,0.203,30,15.5,220,292.3,82.8,3.5
7.2,13.6,184,0.051,30,7.8,221,398.6,82.8,4.8
7.2,13.6,184,0.127,30,12.3,222,323.6,82.8,3.9
7.2,16.9,-222,0.127,72,12.3,223,320.3,56.8,5.6
7.2,16.9,-141,0.051,72,7.8,224,354.0,56.8,6.2
7.2,16.9,-141,0.127,72,12.3,225,317.9,56.8,5.6
7.2,16.9,-141,0.127,113,12.3,226,320.9,56.8,5.6
7.2,16.9,-59,0.051,72,7.8,227,424.2,56.8,7.5
7.2,16.9,-59,0.051,113,7.8,228,418.2,56.8,7.4
7.2,16.9,-59,0.051,155,7.8,229,394.0,56.8,6.9
7.2,16.9,-59,0.127,30,12.3,230,321.8,56.8,5.7
7.2,16.9,-59,0.127,72,12.3,231,307.8,56.8,5.4
7.2,16.9,-59,0.127,113,12.3,232,314.8,56.8,5.5
7.2,16.9,-59,0.127,155,12.3,233,318.0,56.8,5.6
7.2,16.9,22,0.051,30,7.8,234,412.1,56.8,7.3
7.2,16.9,22,0.051,72,7.8,235,410.9,56.8,7.2
7.2,16.9,22,0.051,113,7.8,236,409.6,56.8,7.2
7.2,16.9,22,0.127,30,12.3,237,308.7,56.8,5.4
7.2,16.9,22,0.127,72,12.3,238,315.0,56.8,5.5
7.2,16.9,103,0.051,30,7.8,239,407.4,56.8,7.2
7.2,16.9,103,0.127,30,12.3,240,309.5,56.8,5.4
7.2,16.9,103,0.127,72,12.3,241,439.6,56.8,7.7
7.2,16.9,184,0.051,30,7.8,242,397.1,56.8,7.0
7.2,16.9,184,0.127,30,12.3,243,315.6,56.8,5.6
7.2,20.2,-222,0.051,72,7.8,244,326.4,41.5,7.9
7.2,20.2,-222,0.127,30,12.3,245,326.7,41.5,7.9
7.2,20.2,-222,0.127,72,12.3,246,326.8,41.5,7.9
7.2,20.2,-222,0.127,113,12.3,247,327.5,41.5,7.9
7.2,20.2,-141,0.051,30,7.8,248,316.4,41.5,7.6
7.2,20.2,-141,0.051,72,7.8,249,383.0,41.5,9.2
7.2,20.2,-141,0.127,30,12.3,250,319.0,41.5,7.7
7.2,20.2,-141,0.127,72,12.3,251,314.8,41.5,7.6
7.2,20.2,-141,0.127,113,12.3,252,326.6,41.5,7.9
7.2,20.2,-59,0.051,30,7.8,253,415.0,41.5,10.0
7.2,20.2,-59,0.051,72,7.8,254,397.3,41.5,9.6
7.2,20.2,-59,0.051,113,7.8,255,431.7,41.5,10.4
7.2,20.2,-59,0.051,155,7.8,256,405.3,41.5,9.8
7.2,20.2,-59,0.127,30,12.3,257,321.9,41.5,7.8
7.2,20.2,-59,0.127,72,12.3,258,323.1,41.5,7.8
7.2,20.2,-59,0.127,113,12.3,259,316.8,41.5,7.6
7.2,20.2,-59,0.127,155,12.3,260,311.2,41.5,7.5
7.2,20.2,22,0.051,30,7.8,261,410.8,41.5,9.9
7.2,20.2,22,0.051,72,7.8,262,406.4,41.5,9.8
7.2,20.2,22,0.051,113,7.8,263,405.3,41.5,9.8
7.2,20.2,22,0.127,30,12.3,264,316.3,41.5,7.6
7.2,20.2,22,0.127,72,12.3,265,297.5,41.5,7.2
7.2,20.2,22,0.127,113,12.3,266,315.2,41.5,7.6
7.2,20.2,103,0.051,30,7.8,267,404.8,41.5,9.8
7.2,20.2,103,0.127,30,12.3,268,307.9,41.5,7.4
7.2,20.2,184,0.051,30,7.8,269,401.4,41.5,9.7
7.2,20.2,184,0.127,30,12.3,270,318.6,41.5,7.7
7.2,23.4,-303,0.127,72,12.3,271,327.4,30.8,10.6
7.2,23.4,-303,0.127,113,12.3,272,328.6,30.8,10.7
7.2,23.4,-222,0.051,113,7.8,273,310.6,30.8,10.1
7.2,23.4,-222,0.127,30,12.3,274,317.0,30.8,10.3
7.2,23.4,-222,0.127,72,12.3,275,325.3,30.8,10.6
7.2,23.4,-222,0.127,113,12.3,276,324.8,30.8,10.5
7.2,23.4,-141,0.051,30,7.8,277,340.8,30.8,11.1
7.2,23.4,-141,0.051,72,7.8,278,360.6,30.8,11.7
7.2,23.4,-141,0.127,30,12.3,279,324.4,30.8,10.5
7.2,23.4,-141,0.127,72,12.3,280,319.1,30.8,10.4
7.2,23.4,-141,0.127,113,12.3,281,322.0,30.8,10.5
7.2,23.4,-59,0.051,30,7.8,282,385.7,30.8,12.5
7.2,23.4,-59,0.051,72,7.8,283,396.0,30.8,12.9
7.2,23.4,-59,0.051,113,7.8,284,405.0,30.8,13.1
7.2,23.4,-59,0.051,155,7.8,285,405.9,30.8,13.2
7.2,23.4,-59,0.127,30,12.3,286,313.2,30.8,10.2
7.2,23.4,-59,0.127,72,12.3,287,311.4,30.8,10.1
7.2,23.4,-59,0.127,113,12.3,288,315.9,30.8,10.3
7.2,23.4,22,0.051,30,7.8,289,414.2,30.8,13.4
7.2,23.4,22,0.051,72,7.8,290,414.3,30.8,13.5
7.2,23.4,22,0.051,113,7.8,291,398.9,30.8,13.0
7.2,23.4,22,0.127,30,12.3,292,310.5,30.8,10.1
7.2,23.4,22,0.127,72,12.3,293,334.4,30.8,10.9
7.2,23.4,22,0.127,113,12.3,294,324.0,30.8,10.5
7.2,23.4,103,0.051,30,7.8,295,409.8,30.8,13.3
7.2,23.4,103,0.051,72,7.8,296,398.9,30.8,13.0
7.2,23.4,103,0.127,30,12.3,297,317.5,30.8,10.3
7.2,23.4,184,0.051,30,7.8,298,396.3,30.8,12.9
7.2,23.4,184,0.127,30,12.3,299,315.2,30.8,10.2
7.2,26.7,-222,0.051,72,7.8,300,309.1,23.5,13.2
7.2,26.7,-141,0.051,72,7.8,301,338.5,23.5,14.4
7.2,26.7,-141,0.127,72,12.3,302,326.0,23.5,13.9
7.2,26.7,-59,0.051,30,7.8,303,388.8,23.5,16.5
7.2,26.7,-59,0.051,72,7.8,304,397.7,23.5,16.9
7.2,26.7,-59,0.051,113,7.8,305,394.4,23.5,16.8
7.2,26.7,-59,0.127,30,12.3,306,312.6,23.5,13.3
7.2,26.7,-59,0.127,72,12.3,307,308.6,23.5,13.1
7.2,26.7,-59,0.203,30,15.5,308,295.1,23.5,12.6
7.2,26.7,-59,0.279,30,18.1,309,322.1,23.5,13.7
7.2,26.7,22,0.051,30,7.8,310,407.8,23.5,17.4
7.2,26.7,22,0.051,72,7.8,311,408.2,23.5,17.4
7.2,26.7,22,0.051,113,7.8,312,402.2,23.5,17.1
7.2,26.7,22,0.127,30,12.3,313,318.6,23.5,13.6
7.2,26.7,22,0.127,72,12.3,314,320.4,23.5,13.6
7.2,26.7,22,0.127,113,12.3,315,323.2,23.5,13.8
7.2,26.7,103,0.051,30,7.8,316,405.2,23.5,17.2
7.2,26.7,103,0.051,72,7.8,317,411.2,23.5,17.5
7.2,26.7,103,0.127,30,12.3,318,322.9,23.5,13.7
7.2,26.7,103,0.127,72,12.3,319,307.6,23.5,13.1
7.2,26.7,184,0.051,30,7.8,320,397.9,23.5,16.9
7.2,30.0,-59,0.127,30,12.3,321,314.2,18.4,17.1
7.2,30.0,22,0.051,30,7.8,322,417.3,18.4,22.7
7.2,30.0,22,0.051,72,7.8,323,407.8,18.4,22.2
7.2,30.0,22,0.051,113,7.8,324,403.0,18.4,21.9
7.2,30.0,22,0.127,30,12.3,325,321.4,18.4,17.5
7.2,30.0,22,0.127,72,12.3,326,308.9,18.4,16.8
7.2,30.0,103,0.051,30,7.8,327,411.4,18.4,22.4
7.2,30.0,103,0.051,72,7.8,328,407.2,18.4,22.1
7.2,30.0,103,0.127,30,12.3,329,337.1,18.4,18.3
8.3,0.5,-222,0.127,72,12.3,330,285.8,482,0.6
8.3,0.5,-222,0.127,196,12.3,331,283.9,482,0.6
8.3,0.5,-222,0.203,72,15.5,332,259.5,482,0.5
8.3,0.5,-222,0.203,196,15.5,333,255.4,482,0.5
8.3,0.5,-222,0.203,237,15.5,334,254.7,482,0.5
8.3,0.5,-222,0.279,72,18.1,335,255.3,482,0.5
8.3,0.5,-141,0.127,72,12.3,336,286.2,482,0.6
8.3,0.5,-141,0.203,72,15.5,337,257.4,482,0.5
8.3,0.5,-141,0.203,196,15.5,338,876.2,482,1.8
8.3,0.5,-141,0.203,237,15.5,339,259.0,482,0.5
8.3,0.5,-141,0.356,72,20.3,340,226.6,482,0.5
8.3,0.5,-59,0.127,155,12.3,341,286.1,482,0.6
8.3,0.5,-59,0.203,72,15.5,342,260.7,482,0.5
8.3,0.5,-59,0.203,113,15.5,343,257.7,482,0.5
8.3,0.5,-59,0.203,155,15.5,344,306.5,482,0.6
8.3,0.5,22,0.203,113,15.5,345,299.1,482,0.6
8.3,0.5,103,0.127,30,12.3,346,272.9,482,0.6
8.3,0.5,103,0.127,72,12.3,347,429.3,482,0.9
8.3,0.5,184,0.127,30,12.3,348,281.8,482,0.6
8.3,0.5,184,0.127,72,12.3,349,368.2,482,0.8
8.3,0.5,184,0.127,113,12.3,350,396.9,482,0.8
8.3,0.5,184,0.127,155,12.3,351,471.0,482,1.0
8.3,0.5,184,0.203,72,15.5,352,291.2,482,0.6
8.3,3.7,-222,0.127,72,12.3,353,277.4,299.4,0.9
8.3,3.7,-222,0.127,113,12.3,354,276.6,299.4,0.9
8.3,3.7,-141,0.203,30,15.5,355,262.1,299.4,0.9
8.3,3.7,-141,0.203,72,15.5,356,261.3,299.4,0.9
8.3,3.7,-59,0.127,30,12.3,357,283.0,299.4,0.9
8.3,3.7,-59,0.127,72,12.3,358,297.1,299.4,1.0
8.3,3.7,-59,0.203,30,15.5,359,254.7,299.4,0.9
8.3,3.7,-59,0.203,72,15.5,360,327.5,299.4,1.1
8.3,3.7,22,0.127,113,12.3,361,273.1,299.4,0.9
8.3,3.7,22,0.203,155,15.5,362,264.5,299.4,0.9
8.3,3.7,103,0.127,30,12.3,363,275.1,299.4,0.9
8.3,3.7,103,0.127,72,12.3,364,279.0,299.4,0.9
8.3,3.7,103,0.127,113,12.3,365,293.3,299.4,1.0
8.3,3.7,103,0.127,155,12.3,366,327.1,299.4,1.1
8.3,3.7,103,0.127,196,12.3,367,278.0,299.4,0.9
8.3,3.7,103,0.127,279,12.3,368,291.2,299.4,1.0
8.3,3.7,103,0.203,72,15.5,369,269.7,299.4,0.9
8.3,3.7,184,0.127,30,12.3,370,282.8,299.4,0.9
8.3,3.7,184,0.127,72,12.3,371,347.1,299.4,1.2
8.3,3.7,184,0.127,113,12.3,372,377.7,299.4,1.3
8.3,3.7,184,0.127,155,12.3,373,983.2,299.4,3.3
8.3,3.7,184,0.127,196,12.3,374,283.4,299.4,0.9
8.3,3.7,184,0.127,237,12.3,375,1546.3,299.4,5.2
8.3,3.7,184,0.127,279,12.3,376,283.0,299.4,0.9
8.3,3.7,184,0.127,320,12.3,377,949.7,299.4,3.2
8.3,3.7,184,0.203,72,15.5,378,500.1,299.4,1.7
8.3,7.0,-222,0.127,30,12.3,379,286.6,188.4,1.5
8.3,7.0,-222,0.127,72,12.3,380,283.8,188.4,1.5
8.3,7.0,-222,0.203,113,15.5,381,256.3,188.4,1.4
8.3,7.0,-141,0.203,72,15.5,382,256.4,188.4,1.4
8.3,7.0,-141,0.279,30,18.1,383,248.3,188.4,1.3
8.3,7.0,-59,0.127,30,12.3,384,285.7,188.4,1.5
8.3,7.0,-59,0.127,72,12.3,385,273.5,188.4,1.5
8.3,7.0,-59,0.127,113,12.3,386,290.1,188.4,1.5
8.3,7.0,-59,0.127,155,12.3,387,273.0,188.4,1.4
8.3,7.0,-59,0.203,30,15.5,388,251.8,188.4,1.3
8.3,7.0,-59,0.203,72,15.5,389,247.0,188.4,1.3
8.3,7.0,-59,0.203,113,15.5,390,327.0,188.4,1.7
8.3,7.0,103,0.127,30,12.3,391,267.4,188.4,1.4
8.3,7.0,103,0.127,72,12.3,392,360.4,188.4,1.9
8.3,7.0,103,0.127,113,12.3,393,376.3,188.4,2.0
8.3,7.0,103,0.127,196,12.3,394,274.7,188.4,1.5
8.3,7.0,103,0.203,30,15.5,395,261.7,188.4,1.4
8.3,7.0,103,0.203,72,15.5,396,264.5,188.4,1.4
8.3,7.0,103,0.203,113,15.5,397,327.4,188.4,1.7
8.3,7.0,103,0.203,155,15.5,398,280.4,188.4,1.5
8.3,7.0,184,0.127,30,12.3,399,276.7,188.4,1.5
8.3,7.0,184,0.127,72,12.3,400,275.2,188.4,1.5
8.3,7.0,184,0.127,113,12.3,401,419.3,188.4,2.2
8.3,7.0,184,0.203,30,15.5,402,272.9,188.4,1.4
8.3,10.3,-303,0.127,30,12.3,403,284.2,122.8,2.3
8.3,10.3,-222,0.127,30,12.3,404,288.9,122.8,2.4
8.3,10.3,-222,0.127,72,12.3,405,284.8,122.8,2.3
8.3,10.3,-141,0.127,30,12.3,406,298.3,122.8,2.4
8.3,10.3,-59,0.127,30,12.3,407,276.3,122.8,2.2
8.3,10.3,-59,0.127,72,12.3,408,278.7,122.8,2.3
8.3,10.3,-59,0.127,113,12.3,409,287.3,122.8,2.3
8.3,10.3,-59,0.127,155,12.3,410,282.7,122.8,2.3
8.3,10.3,-59,0.127,196,12.3,411,275.5,122.8,2.2
8.3,10.3,-59,0.203,72,15.5,412,286.6,122.8,2.3
8.3,10.3,-59,0.203,113,15.5,413,253.6,122.8,2.1
8.3,10.3,-59,0.203,155,15.5,414,284.6,122.8,2.3
8.3,10.3,-59,0.203,196,15.5,415,745.9,122.8,6.1
8.3,10.3,103,0.127,30,12.3,416,284.7,122.8,2.3
8.3,10.3,103,0.127,72,12.3,417,459.1,122.8,3.7
8.3,10.3,103,0.203,30,15.5,418,277.8,122.8,2.3
8.3,10.3,103,0.203,72,15.5,419,307.0,122.8,2.5
8.3,10.3,184,0.127,30,12.3,420,279.9,122.8,2.3
8.3,10.3,184,0.127,72,12.3,421,455.8,122.8,3.7
8.3,10.3,184,0.203,30,15.5,422,273.3,122.8,2.2
8.3,10.3,184,0.203,72,15.5,423,298.6,122.8,2.4
8.3,13.6,-384,0.127,72,12.3,424,285.5,82.8,3.4
8.3,13.6,-303,0.127,30,12.3,425,291.0,82.8,3.5
8.3,13.6,-303,0.127,72,12.3,426,288.0,82.8,3.5
8.3,13.6,-303,0.203,72,15.5,427,248.7,82.8,3.0
8.3,13.6,-222,0.127,30,12.3,428,276.9,82.8,3.3
8.3,13.6,-222,0.127,72,12.3,429,279.9,82.8,3.4
8.3,13.6,-141,0.127,30,12.3,430,284.9,82.8,3.4
8.3,13.6,-141,0.127,72,12.3,431,280.8,82.8,3.4
8.3,13.6,-141,0.127,113,12.3,432,279.1,82.8,3.4
8.3,13.6,-141,0.127,155,12.3,433,279.4,82.8,3.4
8.3,13.6,-141,0.127,196,12.3,434,277.1,82.8,3.3
8.3,13.6,-141,0.203,30,15.5,435,253.7,82.8,3.1
8.3,13.6,-141,0.203,72,15.5,436,259.5,82.8,3.1
8.3,13.6,-141,0.203,113,15.5,437,248.0,82.8,3.0
8.3,13.6,-141,0.203,155,15.5,438,256.5,82.8,3.1
8.3,13.6,-59,0.127,30,12.3,439,279.6,82.8,3.4
8.3,13.6,-59,0.127,72,12.3,440,276.3,82.8,3.3
8.3,13.6,-59,0.127,113,12.3,441,281.0,82.8,3.4
8.3,13.6,-59,0.127,155,12.3,442,277.7,82.8,3.4
8.3,13.6,-59,0.127,196,12.3,443,278.7,82.8,3.4
8.3,13.6,-59,0.203,72,15.5,444,277.2,82.8,3.3
8.3,13.6,-59,0.203,113,15.5,445,272.2,82.8,3.3
8.3,13.6,-59,0.203,155,15.5,446,259.1,82.8,3.1
8.3,13.6,22,0.127,30,12.3,447,278.5,82.8,3.4
8.3,13.6,22,0.127,72,12.3,448,278.7,82.8,3.4
8.3,13.6,22,0.203,30,15.5,449,267.6,82.8,3.2
8.3,13.6,22,0.203,72,15.5,450,709.1,82.8,8.6
8.3,13.6,103,0.051,30,7.8,451,369.7,82.8,4.5
8.3,13.6,103,0.127,30,12.3,452,279.3,82.8,3.4
8.3,13.6,103,0.127,72,12.3,453,289.1,82.8,3.5
8.3,13.6,103,0.203,30,15.5,454,264.2,82.8,3.2
8.3,13.6,103,0.203,72,15.5,455,264.2,82.8,3.2
8.3,13.6,184,0.127,30,12.3,456,303.1,82.8,3.7
8.3,13.6,184,0.127,72,12.3,457,447.4,82.8,5.4
8.3,13.6,184,0.203,72,15.5,458,314.7,82.8,3.8
8.3,16.9,-384,0.127,30,12.3,459,287.1,56.8,5.1
8.3,16.9,-303,0.127,30,12.3,460,285.1,56.8,5.0
8.3,16.9,-303,0.127,72,12.3,461,279.9,56.8,4.9
8.3,16.9,-222,0.127,72,12.3,462,283.0,56.8,5.0
8.3,16.9,-222,0.127,113,12.3,463,285.7,56.8,5.0
8.3,16.9,-141,0.127,30,12.3,464,284.3,56.8,5.0
8.3,16.9,-141,0.127,72,12.3,465,288.3,56.8,5.1
8.3,16.9,-141,0.127,113,12.3,466,288.8,56.8,5.1
8.3,16.9,-141,0.127,155,12.3,467,276.3,56.8,4.9
8.3,16.9,-141,0.203,72,15.5,468,258.1,56.8,4.5
8.3,16.9,-141,0.203,113,15.5,469,260.0,56.8,4.6
8.3,16.9,-59,0.051,113,7.8,470,377.2,56.8,6.6
8.3,16.9,-59,0.127,30,12.3,471,281.7,56.8,5.0
8.3,16.9,-59,0.127,72,12.3,472,273.9,56.8,4.8
8.3,16.9,-59,0.127,113,12.3,473,282.1,56.8,5.0
8.3,16.9,-59,0.127,155,12.3,474,275.9,56.8,4.9
8.3,16.9,-59,0.203,113,15.5,475,261.8,56.8,4.6
8.3,16.9,-59,0.203,155,15.5,476,322.9,56.8,5.7
8.3,16.9,22,0.127,30,12.3,477,288.0,56.8,5.1
8.3,16.9,103,0.051,30,7.8,478,375.0,56.8,6.6
8.3,16.9,103,0.127,30,12.3,479,283.0,56.8,5.0
8.3,16.9,184,0.127,30,12.3,480,287.2,56.8,5.1
8.3,20.2,-465,0.127,72,12.3,481,290.3,41.5,7.0
8.3,20.2,-384,0.127,30,12.3,482,296.4,41.5,7.1
8.3,20.2,-384,0.127,72,12.3,483,297.9,41.5,7.2
8.3,20.2,-384,0.127,113,12.3,484,290.4,41.5,7.0
8.3,20.2,-303,0.127,72,12.3,485,289.2,41.5,7.0
8.3,20.2,-303,0.127,113,12.3,486,285.2,41.5,6.9
8.3,20.2,-303,0.203,30,15.5,487,264.0,41.5,6.4
8.3,20.2,-222,0.127,30,12.3,488,297.2,41.5,7.2
8.3,20.2,-222,0.127,72,12.3,489,285.9,41.5,6.9
8.3,20.2,-222,0.127,113,12.3,490,286.0,41.5,6.9
8.3,20.2,-141,0.051,30,7.8,491,348.1,41.5,8.4
8.3,20.2,-141,0.051,72,7.8,492,361.6,41.5,8.7
8.3,20.2,-141,0.127,30,12.3,493,284.1,41.5,6.8
8.3,20.2,-141,0.127,72,12.3,494,278.7,41.5,6.7
8.3,20.2,-141,0.127,113,12.3,495,278.0,41.5,6.7
8.3,20.2,-59,0.051,72,7.8,496,365.9,41.5,8.8
8.3,20.2,-59,0.051,113,7.8,497,366.6,41.5,8.8
8.3,20.2,-59,0.127,30,12.3,498,279.7,41.5,6.7
8.3,20.2,-59,0.127,72,12.3,499,300.4,41.5,7.2
8.3,20.2,-59,0.127,113,12.3,500,279.0,41.5,6.7
8.3,20.2,-59,0.127,155,12.3,501,276.4,41.5,6.7
8.3,20.2,22,0.051,30,7.8,502,376.2,41.5,9.1
8.3,20.2,22,0.051,72,7.8,503,374.1,41.5,9.0
8.3,20.2,22,0.127,30,12.3,504,278.1,41.5,6.7
8.3,20.2,22,0.127,72,12.3,505,285.7,41.5,6.9
8.3,20.2,22,0.127,113,12.3,506,266.3,41.5,6.4
8.3,20.2,103,0.127,30,12.3,507,286.5,41.5,6.9
8.3,20.2,184,0.127,30,12.3,508,300.4,41.5,7.2
8.3,23.4,-384,0.127,30,12.3,509,287.0,30.8,9.3
8.3,23.4,-384,0.127,72,12.3,510,293.1,30.8,9.5
8.3,23.4,-384,0.127,113,12.3,511,290.2,30.8,9.4
8.3,23.4,-303,0.127,30,12.3,512,285.9,30.8,9.3
8.3,23.4,-303,0.127,72,12.3,513,284.8,30.8,9.2
8.3,23.4,-222,0.127,30,12.3,514,281.6,30.8,9.1
8.3,23.4,-222,0.127,72,12.3,515,279.4,30.8,9.1
8.3,23.4,-222,0.127,113,12.3,516,275.9,30.8,9.0
8.3,23.4,-141,0.051,30,7.8,517,357.7,30.8,11.6
8.3,23.4,-141,0.051,72,7.8,518,354.4,30.8,11.5
8.3,23.4,-141,0.127,30,12.3,519,281.8,30.8,9.1
8.3,23.4,-141,0.127,72,12.3,520,273.5,30.8,8.9
8.3,23.4,-141,0.127,113,12.3,521,284.0,30.8,9.2
8.3,23.4,-59,0.051,30,7.8,522,382.0,30.8,12.4
8.3,23.4,-59,0.051,72,7.8,523,367.3,30.8,11.9
8.3,23.4,-59,0.051,113,7.8,524,371.0,30.8,12.0
8.3,23.4,-59,0.127,30,12.3,525,285.7,30.8,9.3
8.3,23.4,-59,0.127,72,12.3,526,274.8,30.8,8.9
8.3,23.4,-59,0.127,113,12.3,527,280.7,30.8,9.1
8.3,23.4,22,0.051,30,7.8,528,374.3,30.8,12.2
8.3,23.4,22,0.051,72,7.8,529,374.0,30.8,12.1
8.3,23.4,22,0.127,30,12.3,530,279.1,30.8,9.1
8.3,23.4,22,0.127,72,12.3,531,281.8,30.8,9.1
8.3,23.4,22,0.127,113,12.3,532,285.3,30.8,9.3
8.3,23.4,22,0.203,30,15.5,533,285.2,30.8,9.3
8.3,23.4,103,0.051,30,7.8,534,372.6,30.8,12.1
8.3,23.4,103,0.051,72,7.8,535,368.0,30.8,11.9
8.3,23.4,103,0.127,30,12.3,536,305.1,30.8,9.9
8.3,23.4,184,0.127,30,12.3,537,278.7,30.8,9.0
8.3,26.7,-59,0.051,30,7.8,538,379.5,23.5,16.1
8.3,26.7,-59,0.051,72,7.8,539,373.9,23.5,15.9
8.3,26.7,-59,0.051,113,7.8,540,373.5,23.5,15.9
8.3,26.7,-59,0.127,30,12.3,541,285.4,23.5,12.1
8.3,26.7,-59,0.127,72,12.3,542,286.9,23.5,12.2
8.3,26.7,-59,0.127,113,12.3,543,283.5,23.5,12.1
8.3,26.7,22,0.051,30,7.8,544,368.1,23.5,15.7
8.3,26.7,22,0.051,72,7.8,545,369.7,23.5,15.7
8.3,26.7,22,0.127,30,12.3,546,282.4,23.5,12.0
8.3,26.7,22,0.127,72,12.3,547,279.7,23.5,11.9
8.3,26.7,22,0.127,113,12.3,548,310.4,23.5,13.2
8.3,26.7,103,0.051,30,7.8,549,368.4,23.5,15.7
8.3,26.7,103,0.051,72,7.8,550,368.3,23.5,15.7
8.3,26.7,103,0.127,30,12.3,551,282.2,23.5,12.0
8.3,26.7,103,0.127,72,12.3,552,316.2,23.5,13.5
8.3,26.7,184,0.127,30,12.3,553,291.5,23.5,12.4
8.3,30.0,-59,0.127,72,12.3,554,275.3,18.4,15.0
8.3,30.0,22,0.051,30,7.8,555,370.0,18.4,20.1
8.3,30.0,22,0.051,72,7.8,556,371.9,18.4,20.2
8.3,30.0,22,0.127,30,12.3,557,279.8,18.4,15.2
8.3,30.0,22,0.127,72,12.3,558,272.5,18.4,14.8
8.3,30.0,103,0.051,30,7.8,559,379.4,18.4,20.6
8.3,30.0,103,0.127,30,12.3,560,278.8,18.4,15.2
9.5,0.5,-384,0.356,113,20.3,561,244.3,482,0.5
9.5,0.5,-303,0.203,196,15.5,562,236.1,482,0.5
9.5,0.5,-222,0.203,72,15.5,563,243.1,482,0.5
9.5,0.5,-222,0.203,113,15.5,564,233.5,482,0.5
9.5,0.5,-222,0.203,196,15.5,565,229.7,482,0.5
9.5,0.5,-222,0.203,237,15.5,566,234.4,482,0.5
9.5,0.5,-222,0.279,72,18.1,567,229.1,482,0.5
9.5,0.5,-222,0.279,155,18.1,568,224.1,482,0.5
9.5,0.5,-222,0.356,72,20.3,569,226.7,482,0.5
9.5,0.5,-222,0.356,113,20.3,570,265.4,482,0.6
9.5,0.5,-222,0.432,72,22.1,571,207.0,482,0.4
9.5,0.5,-222,0.508,72,23.5,572,240.0,482,0.5
9.5,0.5,-141,0.127,72,12.3,573,252.0,482,0.5
9.5,0.5,-141,0.203,72,15.5,574,257.4,482,0.5
9.5,0.5,-141,0.203,113,15.5,575,248.8,482,0.5
9.5,0.5,-141,0.203,155,15.5,576,252.7,482,0.5
9.5,0.5,-141,0.203,196,15.5,577,386.2,482,0.8
9.5,0.5,-141,0.203,237,15.5,578,233.8,482,0.5
9.5,0.5,-141,0.279,30,18.1,579,227.8,482,0.5
9.5,0.5,-141,0.279,72,18.1,580,249.6,482,0.5
9.5,0.5,-141,0.279,155,18.1,581,217.1,482,0.5
9.5,0.5,-141,0.279,196,18.1,582,434.9,482,0.9
9.5,0.5,-141,0.279,237,18.1,583,223.0,482,0.5
9.5,0.5,-141,0.279,279,18.1,584,288.8,482,0.6
9.5,0.5,-141,0.356,72,20.3,585,271.4,482,0.6
9.5,0.5,-141,0.356,113,20.3,586,231.6,482,0.5
9.5,0.5,-141,0.356,237,20.3,587,211.5,482,0.4
9.5,0.5,-141,0.432,30,22.1,588,1041.2,482,2.2
9.5,0.5,-141,0.432,72,22.1,589,239.6,482,0.5
9.5,0.5,-141,0.508,72,23.5,590,273.0,482,0.6
9.5,0.5,-141,0.584,72,24.6,591,326.7,482,0.7
9.5,0.5,-141,0.660,72,25.3,592,209.0,482,0.4
9.5,0.5,-141,0.737,72,25.8,593,208.2,482,0.4
9.5,0.5,-59,0.127,72,12.3,594,257.8,482,0.5
9.5,0.5,-59,0.127,113,12.3,595,259.8,482,0.5
9.5,0.5,-59,0.127,155,12.3,596,262.3,482,0.5
9.5,0.5,-59,0.127,196,12.3,597,250.4,482,0.5
9.5,0.5,-59,0.203,30,15.5,598,224.2,482,0.5
9.5,0.5,-59,0.203,72,15.5,599,235.3,482,0.5
9.5,0.5,-59,0.203,113,15.5,600,252.5,482,0.5
9.5,0.5,-59,0.203,155,15.5,601,304.7,482,0.6
9.5,0.5,-59,0.203,196,15.5,602,252.7,482,0.5
9.5,0.5,-59,0.203,237,15.5,603,230.3,482,0.5
9.5,0.5,-59,0.279,30,18.1,604,219.6,482,0.5
9.5,0.5,-59,0.279,72,18.1,605,267.4,482,0.6
9.5,0.5,-59,0.279,113,18.1,606,224.9,482,0.5
9.5,0.5,-59,0.279,155,18.1,607,218.2,482,0.5
9.5,0.5,-59,0.279,196,18.1,608,1075.0,482,2.2
9.5,0.5,-59,0.356,30,20.3,609,227.4,482,0.5
9.5,0.5,22,0.127,113,12.3,610,245.1,482,0.5
9.5,0.5,22,0.203,72,15.5,611,248.9,482,0.5
9.5,0.5,22,0.203,113,15.5,612,254.4,482,0.5
9.5,0.5,22,0.203,155,15.5,613,367.2,482,0.8
9.5,0.5,103,0.127,30,12.3,614,246.6,482,0.5
9.5,0.5,103,0.127,72,12.3,615,259.7,482,0.5
9.5,0.5,103,0.203,30,15.5,616,227.5,482,0.5
9.5,0.5,103,0.203,72,15.5,617,250.7,482,0.5
9.5,0.5,184,0.127,30,12.3,618,249.6,482,0.5
9.5,0.5,184,0.127,72,12.3,619,255.2,482,0.5
9.5,0.5,184,0.127,113,12.3,620,550.5,482,1.1
9.5,0.5,184,0.203,30,15.5,621,248.1,482,0.5
9.5,0.5,184,0.203,72,15.5,622,277.6,482,0.6
9.5,3.7,-303,0.127,113,12.3,623,256.9,299.4,0.9
9.5,3.7,-303,0.203,72,15.5,624,231.1,299.4,0.8
9.5,3.7,-303,0.203,113,15.5,625,246.6,299.4,0.8
9.5,3.7,-222,0.127,72,12.3,626,254.6,299.4,0.9
9.5,3.7,-222,0.127,113,12.3,627,255.8,299.4,0.9
9.5,3.7,-222,0.203,72,15.5,628,247.8,299.4,0.8
9.5,3.7,-222,0.279,30,18.1,629,541.5,299.4,1.8
9.5,3.7,-222,0.279,72,18.1,630,241.6,299.4,0.8
9.5,3.7,-222,0.279,237,18.1,631,222.9,299.4,0.7
9.5,3.7,-222,0.279,279,18.1,632,217.0,299.4,0.7
9.5,3.7,-222,0.279,320,18.1,633,213.1,299.4,0.7
9.5,3.7,-222,0.356,196,20.3,634,279.9,299.4,0.9
9.5,3.7,-141,0.127,113,12.3,635,247.9,299.4,0.8
9.5,3.7,-141,0.203,30,15.5,636,236.1,299.4,0.8
9.5,3.7,-141,0.203,72,15.5,637,248.6,299.4,0.8
9.5,3.7,-141,0.203,113,15.5,638,234.2,299.4,0.8
9.5,3.7,-141,0.203,155,15.5,639,227.8,299.4,0.8
9.5,3.7,-141,0.203,196,15.5,640,228.5,299.4,0.8
9.5,3.7,-141,0.203,237,15.5,641,229.9,299.4,0.8
9.5,3.7,-141,0.203,279,15.5,642,229.2,299.4,0.8
9.5,3.7,-141,0.279,30,18.1,643,224.6,299.4,0.8
9.5,3.7,-141,0.279,72,18.1,644,234.6,299.4,0.8
9.5,3.7,-141,0.279,155,18.1,645,238.7,299.4,0.8
9.5,3.7,-141,0.279,196,18.1,646,215.3,299.4,0.7
9.5,3.7,-141,0.279,237,18.1,647,234.3,299.4,0.8
9.5,3.7,-141,0.279,279,18.1,648,224.3,299.4,0.7
9.5,3.7,-141,0.356,196,20.3,649,1010.8,299.4,3.4
9.5,3.7,-141,0.356,237,20.3,650,241.2,299.4,0.8
9.5,3.7,-59,0.127,30,12.3,651,253.6,299.4,0.8
9.5,3.7,-59,0.127,72,12.3,652,254.3,299.4,0.8
9.5,3.7,-59,0.127,113,12.3,653,258.4,299.4,0.9
9.5,3.7,-59,0.127,155,12.3,654,254.4,299.4,0.8
9.5,3.7,-59,0.203,30,15.5,655,224.3,299.4,0.7
9.5,3.7,-59,0.203,72,15.5,656,269.2,299.4,0.9
9.5,3.7,-59,0.203,113,15.5,657,252.3,299.4,0.8
9.5,3.7,-59,0.203,155,15.5,658,235.6,299.4,0.8
9.5,3.7,-59,0.203,196,15.5,659,251.3,299.4,0.8
9.5,3.7,-59,0.203,237,15.5,660,230.4,299.4,0.8
9.5,3.7,-59,0.203,279,15.5,661,230.0,299.4,0.8
9.5,3.7,-59,0.203,320,15.5,662,273.0,299.4,0.9
9.5,3.7,-59,0.203,362,15.5,663,228.6,299.4,0.8
9.5,3.7,-59,0.203,403,15.5,664,226.5,299.4,0.8
9.5,3.7,-59,0.279,72,18.1,665,244.2,299.4,0.8
9.5,3.7,-59,0.279,113,18.1,666,278.8,299.4,0.9
9.5,3.7,-59,0.279,155,18.1,667,265.0,299.4,0.9
9.5,3.7,-59,0.279,196,18.1,668,234.7,299.4,0.8
9.5,3.7,-59,0.279,237,18.1,669,537.1,299.4,1.8
9.5,3.7,22,0.127,113,12.3,670,289.3,299.4,1.0
9.5,3.7,22,0.203,113,15.5,671,247.9,299.4,0.8
9.5,3.7,22,0.203,155,15.5,672,338.3,299.4,1.1
9.5,3.7,22,0.203,196,15.5,673,516.2,299.4,1.7
9.5,3.7,22,0.279,155,18.1,674,458.7,299.4,1.5
9.5,3.7,103,0.127,30,12.3,675,260.3,299.4,0.9
9.5,3.7,103,0.127,72,12.3,676,252.3,299.4,0.8
9.5,3.7,103,0.127,113,12.3,677,258.7,299.4,0.9
9.5,3.7,103,0.203,30,15.5,678,223.1,299.4,0.7
9.5,3.7,103,0.203,72,15.5,679,253.3,299.4,0.8
9.5,3.7,103,0.203,113,15.5,680,268.9,299.4,0.9
9.5,3.7,103,0.203,279,15.5,681,223.9,299.4,0.7
9.5,3.7,184,0.127,30,12.3,682,299.0,299.4,1.0
9.5,3.7,184,0.127,72,12.3,683,276.4,299.4,0.9
9.5,3.7,184,0.127,113,12.3,684,251.6,299.4,0.8
9.5,3.7,184,0.127,155,12.3,685,497.8,299.4,1.7
9.5,3.7,184,0.127,196,12.3,686,378.2,299.4,1.3
9.5,3.7,184,0.127,237,12.3,687,405.8,299.4,1.4
9.5,3.7,184,0.203,30,15.5,688,278.3,299.4,0.9
9.5,3.7,184,0.203,72,15.5,689,269.3,299.4,0.9
9.5,3.7,184,0.203,113,15.5,690,267.9,299.4,0.9
9.5,3.7,184,0.203,196,15.5,691,829.2,299.4,2.8
9.5,7.0,-303,0.127,72,12.3,692,259.5,188.4,1.4
9.5,7.0,-303,0.203,30,15.5,693,228.1,188.4,1.2
9.5,7.0,-303,0.203,72,15.5,694,231.7,188.4,1.2
9.5,7.0,-303,0.203,113,15.5,695,237.7,188.4,1.3
9.5,7.0,-222,0.127,30,12.3,696,255.0,188.4,1.4
9.5,7.0,-222,0.127,72,12.3,697,250.8,188.4,1.3
9.5,7.0,-222,0.203,30,15.5,698,242.3,188.4,1.3
9.5,7.0,-222,0.203,72,15.5,699,238.9,188.4,1.3
9.5,7.0,-222,0.203,113,15.5,700,252.5,188.4,1.3
9.5,7.0,-222,0.203,155,15.5,701,236.7,188.4,1.3
9.5,7.0,-222,0.279,113,18.1,702,242.3,188.4,1.3
9.5,7.0,-222,0.279,155,18.1,703,217.3,188.4,1.2
9.5,7.0,-222,0.279,196,18.1,704,233.8,188.4,1.2
9.5,7.0,-222,0.279,237,18.1,705,217.7,188.4,1.2
9.5,7.0,-222,0.279,279,18.1,706,297.3,188.4,1.6
9.5,7.0,-222,0.279,320,18.1,707,367.6,188.4,2.0
9.5,7.0,-222,0.279,362,18.1,708,712.8,188.4,3.8
9.5,7.0,-222,0.279,403,18.1,709,268.9,188.4,1.4
9.5,7.0,-141,0.127,72,12.3,710,249.2,188.4,1.3
9.5,7.0,-141,0.127,113,12.3,711,254.6,188.4,1.4
9.5,7.0,-141,0.203,30,15.5,712,237.7,188.4,1.3
9.5,7.0,-141,0.203,72,15.5,713,235.9,188.4,1.3
9.5,7.0,-141,0.203,113,15.5,714,234.4,188.4,1.2
9.5,7.0,-141,0.203,155,15.5,715,227.4,188.4,1.2
9.5,7.0,-141,0.203,196,15.5,716,223.4,188.4,1.2
9.5,7.0,-141,0.203,237,15.5,717,224.1,188.4,1.2
9.5,7.0,-141,0.279,30,18.1,718,339.3,188.4,1.8
9.5,7.0,-141,0.279,72,18.1,719,219.7,188.4,1.2
9.5,7.0,-141,0.279,113,18.1,720,234.0,188.4,1.2
9.5,7.0,-141,0.279,196,18.1,721,1338.3,188.4,7.1
9.5,7.0,-141,0.279,237,18.1,722,241.1,188.4,1.3
9.5,7.0,-141,0.279,279,18.1,723,257.5,188.4,1.4
9.5,7.0,-141,0.356,196,20.3,724,217.0,188.4,1.2
9.5,7.0,-141,0.356,237,20.3,725,724.0,188.4,3.8
9.5,7.0,-59,0.127,30,12.3,726,251.0,188.4,1.3
9.5,7.0,-59,0.127,72,12.3,727,274.1,188.4,1.5
9.5,7.0,-59,0.127,113,12.3,728,254.0,188.4,1.3
9.5,7.0,-59,0.127,155,12.3,729,243.5,188.4,1.3
9.5,7.0,-59,0.127,196,12.3,730,248.2,188.4,1.3
9.5,7.0,-59,0.203,30,15.5,731,236.5,188.4,1.3
9.5,7.0,-59,0.203,72,15.5,732,303.2,188.4,1.6
9.5,7.0,-59,0.203,113,15.5,733,235.9,188.4,1.3
9.5,7.0,-59,0.203,155,15.5,734,237.4,188.4,1.3
9.5,7.0,-59,0.203,196,15.5,735,288.0,188.4,1.5
9.5,7.0,-59,0.203,237,15.5,736,541.1,188.4,2.9
9.5,7.0,-59,0.203,279,15.5,737,485.1,188.4,2.6
9.5,7.0,-59,0.203,320,15.5,738,229.6,188.4,1.2
9.5,7.0,-59,0.203,362,15.5,739,229.5,188.4,1.2
9.5,7.0,-59,0.203,403,15.5,740,229.5,188.4,1.2
9.5,7.0,-59,0.279,72,18.1,741,261.5,188.4,1.4
9.5,7.0,-59,0.279,113,18.1,742,285.4,188.4,1.5
9.5,7.0,-59,0.279,155,18.1,743,226.4,188.4,1.2
9.5,7.0,-59,0.279,196,18.1,744,270.5,188.4,1.4
9.5,7.0,-59,0.279,237,18.1,745,227.5,188.4,1.2
9.5,7.0,-59,0.279,279,18.1,746,939.3,188.4,5.0
9.5,7.0,-59,0.279,320,18.1,747,243.9,188.4,1.3
9.5,7.0,-59,0.279,362,18.1,748,1146.3,188.4,6.1
9.5,7.0,22,0.127,113,12.3,749,329.1,188.4,1.7
9.5,7.0,22,0.203,72,15.5,750,248.8,188.4,1.3
9.5,7.0,22,0.203,113,15.5,751,308.7,188.4,1.6
9.5,7.0,22,0.203,196,15.5,752,363.5,188.4,1.9
9.5,7.0,22,0.279,155,18.1,753,257.6,188.4,1.4
9.5,7.0,22,0.279,196,18.1,754,389.6,188.4,2.1
9.5,7.0,103,0.127,30,12.3,755,254.1,188.4,1.3
9.5,7.0,103,0.127,72,12.3,756,262.0,188.4,1.4
9.5,7.0,103,0.127,113,12.3,757,287.9,188.4,1.5
9.5,7.0,103,0.127,155,12.3,758,253.4,188.4,1.3
9.5,7.0,103,0.203,30,15.5,759,269.7,188.4,1.4
9.5,7.0,103,0.203,72,15.5,760,238.8,188.4,1.3
9.5,7.0,103,0.203,113,15.5,761,358.3,188.4,1.9
9.5,7.0,103,0.203,155,15.5,762,252.1,188.4,1.3
9.5,7.0,103,0.203,237,15.5,763,240.8,188.4,1.3
9.5,7.0,103,0.203,279,15.5,764,236.1,188.4,1.3
9.5,7.0,103,0.279,72,18.1,765,267.6,188.4,1.4
9.5,7.0,184,0.127,30,12.3,766,250.3,188.4,1.3
9.5,7.0,184,0.127,72,12.3,767,330.9,188.4,1.8
9.5,7.0,184,0.127,113,12.3,768,277.1,188.4,1.5
9.5,7.0,184,0.127,196,12.3,769,253.4,188.4,1.3
9.5,7.0,184,0.127,279,12.3,770,258.8,188.4,1.4
9.5,7.0,184,0.203,30,15.5,771,237.2,188.4,1.3
9.5,7.0,184,0.203,72,15.5,772,250.0,188.4,1.3
9.5,7.0,184,0.203,113,15.5,773,312.2,188.4,1.7
9.5,7.0,184,0.203,155,15.5,774,319.4,188.4,1.7
9.5,7.0,184,0.203,320,15.5,775,837.6,188.4,4.4
9.5,10.3,-384,0.203,72,15.5,776,228.0,122.8,1.9
9.5,10.3,-303,0.127,72,12.3,777,266.7,122.8,2.2
9.5,10.3,-303,0.203,30,15.5,778,236.1,122.8,1.9
9.5,10.3,-303,0.203,72,15.5,779,235.7,122.8,1.9
9.5,10.3,-303,0.203,113,15.5,780,233.5,122.8,1.9
9.5,10.3,-303,0.279,113,18.1,781,234.7,122.8,1.9
9.5,10.3,-222,0.203,30,15.5,782,228.3,122.8,1.9
9.5,10.3,-222,0.279,403,18.1,783,254.7,122.8,2.1
9.5,10.3,-141,0.127,72,12.3,784,248.8,122.8,2.0
9.5,10.3,-141,0.203,72,15.5,785,259.1,122.8,2.1
9.5,10.3,-141,0.203,113,15.5,786,240.0,122.8,2.0
9.5,10.3,-141,0.203,155,15.5,787,240.4,122.8,2.0
9.5,10.3,-141,0.203,196,15.5,788,226.0,122.8,1.8
9.5,10.3,-141,0.203,237,15.5,789,354.3,122.8,2.9
9.5,10.3,-141,0.279,113,18.1,790,266.8,122.8,2.2
9.5,10.3,-141,0.279,155,18.1,791,229.0,122.8,1.9
9.5,10.3,-59,0.127,30,12.3,792,257.1,122.8,2.1
9.5,10.3,-59,0.127,72,12.3,793,256.7,122.8,2.1
9.5,10.3,-59,0.127,113,12.3,794,251.8,122.8,2.1
9.5,10.3,-59,0.127,155,12.3,795,271.6,122.8,2.2
9.5,10.3,-59,0.127,196,12.3,796,245.2,122.8,2.0
9.5,10.3,-59,0.203,30,15.5,797,238.0,122.8,1.9
9.5,10.3,-59,0.203,72,15.5,798,233.3,122.8,1.9
9.5,10.3,-59,0.203,113,15.5,799,267.0,122.8,2.2
9.5,10.3,-59,0.203,155,15.5,800,261.8,122.8,2.1
9.5,10.3,-59,0.203,196,15.5,801,443.6,122.8,3.6
9.5,10.3,-59,0.203,237,15.5,802,333.4,122.8,2.7
9.5,10.3,-59,0.203,279,15.5,803,233.3,122.8,1.9
9.5,10.3,-59,0.203,320,15.5,804,419.4,122.8,3.4
9.5,10.3,-59,0.279,113,18.1,805,273.5,122.8,2.2
9.5,10.3,-59,0.279,237,18.1,806,900.6,122.8,7.3
9.5,10.3,103,0.127,30,12.3,807,254.5,122.8,2.1
9.5,10.3,103,0.127,72,12.3,808,253.5,122.8,2.1
9.5,10.3,103,0.203,30,15.5,809,240.9,122.8,2.0
9.5,10.3,103,0.203,72,15.5,810,308.8,122.8,2.5
9.5,10.3,103,0.203,113,15.5,811,314.5,122.8,2.6
9.5,10.3,103,0.203,155,15.5,812,246.3,122.8,2.0
9.5,10.3,184,0.127,30,12.3,813,269.4,122.8,2.2
9.5,10.3,184,0.127,72,12.3,814,407.4,122.8,3.3
9.5,10.3,184,0.203,30,15.5,815,226.4,122.8,1.8
9.5,10.3,184,0.203,72,15.5,816,266.1,122.8,2.2
9.5,10.3,184,0.203,113,15.5,817,316.2,122.8,2.6
9.5,13.6,-384,0.127,72,12.3,818,258.2,82.8,3.1
9.5,13.6,-384,0.203,30,15.5,819,238.0,82.8,2.9
9.5,13.6,-384,0.203,72,15.5,820,229.1,82.8,2.8
9.5,13.6,-303,0.127,30,12.3,821,260.3,82.8,3.1
9.5,13.6,-303,0.127,72,12.3,822,257.6,82.8,3.1
9.5,13.6,-303,0.203,72,15.5,823,236.0,82.8,2.9
9.5,13.6,-222,0.203,113,15.5,824,254.0,82.8,3.1
9.5,13.6,-222,0.203,155,15.5,825,249.5,82.8,3.0
9.5,13.6,-222,0.203,196,15.5,826,226.4,82.8,2.7
9.5,13.6,-222,0.279,72,18.1,827,223.6,82.8,2.7
9.5,13.6,-222,0.279,113,18.1,828,252.2,82.8,3.0
9.5,13.6,-222,0.279,155,18.1,829,236.9,82.8,2.9
9.5,13.6,-222,0.279,196,18.1,830,830.3,82.8,10.0
9.5,13.6,-141,0.127,113,12.3,831,259.4,82.8,3.1
9.5,13.6,-141,0.127,155,12.3,832,260.4,82.8,3.1
9.5,13.6,-141,0.127,196,12.3,833,252.1,82.8,3.0
9.5,13.6,-141,0.203,30,15.5,834,244.7,82.8,3.0
9.5,13.6,-141,0.203,72,15.5,835,245.9,82.8,3.0
9.5,13.6,-141,0.203,113,15.5,836,241.0,82.8,2.9
9.5,13.6,-141,0.203,155,15.5,837,233.2,82.8,2.8
9.5,13.6,-141,0.203,196,15.5,838,228.4,82.8,2.8
9.5,13.6,-141,0.203,237,15.5,839,267.7,82.8,3.2
9.5,13.6,-141,0.279,72,18.1,840,224.4,82.8,2.7
9.5,13.6,-141,0.279,113,18.1,841,244.9,82.8,3.0
9.5,13.6,-141,0.279,155,18.1,842,240.7,82.8,2.9
9.5,13.6,-141,0.279,196,18.1,843,220.5,82.8,2.7
9.5,13.6,-141,0.279,237,18.1,844,211.6,82.8,2.6
9.5,13.6,-59,0.127,72,12.3,845,246.5,82.8,3.0
9.5,13.6,-59,0.127,113,12.3,846,260.1,82.8,3.1
9.5,13.6,-59,0.127,155,12.3,847,268.9,82.8,3.2
9.5,13.6,-59,0.127,196,12.3,848,247.5,82.8,3.0
9.5,13.6,-59,0.203,30,15.5,849,239.6,82.8,2.9
9.5,13.6,-59,0.203,72,15.5,850,234.9,82.8,2.8
9.5,13.6,-59,0.203,113,15.5,851,255.1,82.8,3.1
9.5,13.6,-59,0.203,155,15.5,852,235.3,82.8,2.8
9.5,13.6,-59,0.203,196,15.5,853,231.0,82.8,2.8
9.5,13.6,-59,0.203,237,15.5,854,387.4,82.8,4.7
9.5,13.6,22,0.127,30,12.3,855,249.6,82.8,3.0
9.5,13.6,22,0.203,30,15.5,856,245.5,82.8,3.0
9.5,13.6,22,0.203,72,15.5,857,379.7,82.8,4.6
9.5,13.6,103,0.127,30,12.3,858,272.9,82.8,3.3
9.5,13.6,103,0.127,72,12.3,859,303.6,82.8,3.7
9.5,13.6,103,0.203,30,15.5,860,241.5,82.8,2.9
9.5,13.6,103,0.203,72,15.5,861,264.1,82.8,3.2
9.5,13.6,184,0.127,30,12.3,862,262.5,82.8,3.2
9.5,13.6,184,0.127,72,12.3,863,292.4,82.8,3.5
9.5,13.6,184,0.203,72,15.5,864,274.8,82.8,3.3
9.5,16.9,-546,0.279,72,18.1,865,222.8,56.8,3.9
9.5,16.9,-465,0.203,30,15.5,866,230.6,56.8,4.1
9.5,16.9,-465,0.203,72,15.5,867,240.5,56.8,4.2
9.5,16.9,-465,0.279,113,18.1,868,227.5,56.8,4.0
9.5,16.9,-384,0.127,30,12.3,869,269.0,56.8,4.7
9.5,16.9,-384,0.203,30,15.5,870,235.8,56.8,4.2
9.5,16.9,-384,0.279,155,18.1,871,227.8,56.8,4.0
9.5,16.9,-303,0.127,72,12.3,872,260.4,56.8,4.6
9.5,16.9,-303,0.203,30,15.5,873,235.8,56.8,4.2
9.5,16.9,-303,0.203,72,15.5,874,234.7,56.8,4.1
9.5,16.9,-303,0.203,113,15.5,875,235.7,56.8,4.1
9.5,16.9,-303,0.279,72,18.1,876,282.6,56.8,5.0
9.5,16.9,-222,0.127,72,12.3,877,259.8,56.8,4.6
9.5,16.9,-222,0.127,113,12.3,878,256.3,56.8,4.5
9.5,16.9,-222,0.203,72,15.5,879,231.2,56.8,4.1
9.5,16.9,-222,0.203,113,15.5,880,227.2,56.8,4.0
9.5,16.9,-222,0.203,155,15.5,881,239.4,56.8,4.2
9.5,16.9,-222,0.279,72,18.1,882,242.1,56.8,4.3
9.5,16.9,-222,0.279,113,18.1,883,224.9,56.8,4.0
9.5,16.9,-141,0.127,72,12.3,884,257.6,56.8,4.5
9.5,16.9,-141,0.127,113,12.3,885,264.1,56.8,4.6
9.5,16.9,-141,0.127,155,12.3,886,258.8,56.8,4.6
9.5,16.9,-141,0.203,72,15.5,887,248.6,56.8,4.4
9.5,16.9,-141,0.203,113,15.5,888,224.7,56.8,4.0
9.5,16.9,-141,0.203,155,15.5,889,235.2,56.8,4.1
9.5,16.9,-59,0.127,72,12.3,890,292.8,56.8,5.2
9.5,16.9,-59,0.127,113,12.3,891,257.2,56.8,4.5
9.5,16.9,-59,0.203,30,15.5,892,237.5,56.8,4.2
9.5,16.9,-59,0.203,72,15.5,893,244.8,56.8,4.3
9.5,16.9,-59,0.203,113,15.5,894,224.0,56.8,3.9
9.5,16.9,-59,0.203,155,15.5,895,299.7,56.8,5.3
9.5,16.9,22,0.127,30,12.3,896,256.0,56.8,4.5
9.5,16.9,103,0.127,30,12.3,897,264.6,56.8,4.7
9.5,20.2,-465,0.127,72,12.3,898,266.1,41.5,6.4
9.5,20.2,-465,0.203,30,15.5,899,231.9,41.5,5.6
9.5,20.2,-465,0.203,72,15.5,900,236.6,41.5,5.7
9.5,20.2,-465,0.203,113,15.5,901,227.2,41.5,5.5
9.5,20.2,-384,0.127,30,12.3,902,260.9,41.5,6.3
9.5,20.2,-384,0.127,72,12.3,903,267.4,41.5,6.4
9.5,20.2,-384,0.127,113,12.3,904,259.5,41.5,6.3
9.5,20.2,-384,0.203,30,15.5,905,230.2,41.5,5.5
9.5,20.2,-384,0.203,72,15.5,906,254.3,41.5,6.1
9.5,20.2,-384,0.203,113,15.5,907,234.5,41.5,5.7
9.5,20.2,-384,0.203,155,15.5,908,231.3,41.5,5.6
9.5,20.2,-303,0.127,72,12.3,909,258.1,41.5,6.2
9.5,20.2,-303,0.127,113,12.3,910,258.6,41.5,6.2
9.5,20.2,-303,0.203,72,15.5,911,236.8,41.5,5.7
9.5,20.2,-303,0.203,113,15.5,912,236.8,41.5,5.7
9.5,20.2,-303,0.203,155,15.5,913,227.8,41.5,5.5
9.5,20.2,-222,0.127,72,12.3,914,254.0,41.5,6.1
9.5,20.2,-222,0.127,113,12.3,915,249.0,41.5,6.0
9.5,20.2,-222,0.203,30,15.5,916,232.6,41.5,5.6
9.5,20.2,-222,0.203,72,15.5,917,260.7,41.5,6.3
9.5,20.2,-222,0.203,113,15.5,918,232.1,41.5,5.6
9.5,20.2,-141,0.127,72,12.3,919,252.5,41.5,6.1
9.5,20.2,-141,0.127,113,12.3,920,293.2,41.5,7.1
9.5,20.2,-141,0.127,155,12.3,921,272.7,41.5,6.6
9.5,20.2,-141,0.203,30,15.5,922,241.5,41.5,5.8
9.5,20.2,-141,0.203,72,15.5,923,236.1,41.5,5.7
9.5,20.2,-141,0.203,113,15.5,924,246.2,41.5,5.9
9.5,20.2,-141,0.203,155,15.5,925,246.3,41.5,5.9
9.5,20.2,-59,0.127,72,12.3,926,260.2,41.5,6.3
9.5,20.2,-59,0.127,113,12.3,927,251.7,41.5,6.1
9.5,20.2,-59,0.203,72,15.5,928,239.1,41.5,5.8
9.5,20.2,-59,0.203,113,15.5,929,235.1,41.5,5.7
9.5,20.2,22,0.127,30,12.3,930,258.2,41.5,6.2
9.5,20.2,103,0.127,30,12.3,931,248.5,41.5,6.0
9.5,23.4,-465,0.203,30,15.5,932,239.9,30.8,7.8
9.5,23.4,-465,0.203,72,15.5,933,228.0,30.8,7.4
9.5,23.4,-384,0.127,30,12.3,934,260.0,30.8,8.4
9.5,23.4,-384,0.127,72,12.3,935,261.1,30.8,8.5
9.5,23.4,-384,0.203,30,15.5,936,231.3,30.8,7.5
9.5,23.4,-384,0.203,72,15.5,937,235.0,30.8,7.6
9.5,23.4,-303,0.127,72,12.3,938,256.9,30.8,8.3
9.5,23.4,-222,0.127,72,12.3,939,253.4,30.8,8.2
9.5,23.4,-222,0.203,30,15.5,940,238.1,30.8,7.7
9.5,23.4,-141,0.127,30,12.3,941,273.9,30.8,8.9
9.5,23.4,-141,0.127,72,12.3,942,253.1,30.8,8.2
9.5,23.4,-141,0.127,113,12.3,943,247.7,30.8,8.0
9.5,23.4,-141,0.203,30,15.5,944,229.8,30.8,7.5
9.5,23.4,-59,0.127,30,12.3,945,252.6,30.8,8.2
9.5,23.4,-59,0.127,72,12.3,946,267.5,30.8,8.7
9.5,23.4,-59,0.203,30,15.5,947,256.1,30.8,8.3
9.5,23.4,22,0.127,30,12.3,948,258.3,30.8,8.4
9.5,23.4,22,0.127,72,12.3,949,261.4,30.8,8.5
9.5,23.4,22,0.203,30,15.5,950,249.2,30.8,8.1
9.5,23.4,103,0.127,30,12.3,951,252.9,30.8,8.2
9.5,23.4,103,0.203,30,15.5,952,245.1,30.8,8.0
9.5,26.7,-141,0.127,30,12.3,953,253.4,23.5,10.8
9.5,26.7,-59,0.127,30,12.3,954,255.1,23.5,10.9
9.5,26.7,-59,0.127,72,12.3,955,254.5,23.5,10.8
9.5,26.7,-59,0.203,30,15.5,956,242.8,23.5,10.3
9.5,26.7,-59,0.203,72,15.5,957,239.8,23.5,10.2
9.5,26.7,-59,0.279,30,18.1,958,211.2,23.5,9.0
9.5,26.7,22,0.127,30,12.3,959,255.6,23.5,10.9
9.5,26.7,22,0.127,72,12.3,960,255.3,23.5,10.9
9.5,26.7,22,0.203,30,15.5,961,235.7,23.5,10.0
9.5,26.7,22,0.203,72,15.5,962,233.5,23.5,9.9
9.5,26.7,103,0.127,30,12.3,963,248.5,23.5,10.6
9.5,26.7,103,0.127,72,12.3,964,254.2,23.5,10.8
9.5,26.7,103,0.203,30,15.5,965,271.3,23.5,11.5
9.5,26.7,103,0.203,72,15.5,966,250.8,23.5,10.7
9.5,30.0,22,0.127,30,12.3,967,252.2,18.4,13.7
9.5,30.0,22,0.127,72,12.3,968,249.4,18.4,13.6
9.5,30.0,22,0.203,30,15.5,969,244.3,18.4,13.3
9.5,30.0,103,0.127,30,12.3,970,255.5,18.4,13.9
10.7,0.5,-384,0.279,196,18.1,971,194.6,482,0.4
10.7,0.5,-384,0.279,237,18.1,972,198.3,482,0.4
10.7,0.5,-303,0.203,113,15.5,973,211.7,482,0.4
10.7,0.5,-303,0.203,196,15.5,974,213.8,482,0.4
10.7,0.5,-303,0.203,237,15.5,975,207.1,482,0.4
10.7,0.5,-303,0.279,113,18.1,976,208.6,482,0.4
10.7,0.5,-303,0.279,196,18.1,977,229.8,482,0.5
10.7,0.5,-303,0.279,237,18.1,978,211.5,482,0.4
10.7,0.5,-222,0.203,72,15.5,979,213.3,482,0.4
10.7,0.5,-222,0.203,113,15.5,980,219.4,482,0.5
10.7,0.5,-222,0.203,196,15.5,981,211.9,482,0.4
10.7,0.5,-222,0.203,237,15.5,982,208.1,482,0.4
10.7,0.5,-222,0.279,72,18.1,983,259.5,482,0.5
10.7,0.5,-222,0.279,113,18.1,984,221.2,482,0.5
10.7,0.5,-222,0.279,237,18.1,985,211.0,482,0.4
10.7,0.5,-222,0.279,279,18.1,986,191.2,482,0.4
10.7,0.5,-141,0.203,30,15.5,987,211.2,482,0.4
10.7,0.5,-141,0.203,72,15.5,988,244.5,482,0.5
10.7,0.5,-141,0.203,113,15.5,989,225.7,482,0.5
10.7,0.5,-141,0.203,155,15.5,990,233.1,482,0.5
10.7,0.5,-141,0.203,196,15.5,991,223.8,482,0.5
10.7,0.5,-141,0.279,72,18.1,992,227.4,482,0.5
10.7,0.5,-141,0.279,113,18.1,993,256.6,482,0.5
10.7,0.5,-141,0.279,155,18.1,994,230.1,482,0.5
10.7,0.5,-141,0.279,196,18.1,995,195.2,482,0.4
10.7,0.5,-141,0.279,279,18.1,996,196.3,482,0.4
10.7,0.5,-141,0.356,72,20.3,997,217.3,482,0.5
10.7,0.5,-141,0.356,113,20.3,998,224.0,482,0.5
10.7,0.5,-141,0.356,196,20.3,999,190.1,482,0.4
10.7,0.5,-141,0.356,279,20.3,1000,853.8,482,1.8
10.7,0.5,-141,0.584,72,24.6,1001,190.8,482,0.4
10.7,0.5,-141,0.660,72,25.3,1002,197.7,482,0.4
10.7,0.5,-59,0.203,30,15.5,1003,229.6,482,0.5
10.7,0.5,-59,0.203,72,15.5,1004,233.5,482,0.5
10.7,0.5,-59,0.203,113,15.5,1005,251.7,482,0.5
10.7,0.5,-59,0.203,155,15.5,1006,241.2,482,0.5
10.7,0.5,-59,0.203,196,15.5,1007,202.6,482,0.4
10.7,0.5,-59,0.203,237,15.5,1008,215.2,482,0.4
10.7,0.5,-59,0.279,30,18.1,1009,208.3,482,0.4
10.7,0.5,-59,0.279,72,18.1,1010,231.8,482,0.5
10.7,0.5,-59,0.279,113,18.1,1011,222.9,482,0.5
10.7,0.5,-59,0.279,155,18.1,1012,224.2,482,0.5
10.7,0.5,-59,0.279,196,18.1,1013,1068.5,482,2.2
10.7,0.5,-59,0.356,30,20.3,1014,237.2,482,0.5
10.7,0.5,-59,0.356,72,20.3,1015,249.6,482,0.5
10.7,0.5,-59,0.356,113,20.3,1016,217.9,482,0.5
10.7,3.7,-303,0.279,237,18.1,1017,203.5,299.4,0.7
10.7,3.7,-222,0.203,30,15.5,1018,218.0,299.4,0.7
10.7,3.7,-222,0.203,72,15.5,1019,216.6,299.4,0.7
10.7,3.7,-222,0.203,113,15.5,1020,205.4,299.4,0.7
10.7,3.7,-222,0.203,155,15.5,1021,218.9,299.4,0.7
10.7,3.7,-222,0.279,113,18.1,1022,233.2,299.4,0.8
10.7,3.7,-222,0.279,196,18.1,1023,597.6,299.4,2.0
10.7,3.7,-222,0.279,237,18.1,1024,233.8,299.4,0.8
10.7,3.7,-222,0.279,279,18.1,1025,208.7,299.4,0.7
10.7,3.7,-222,0.279,320,18.1,1026,201.0,299.4,0.7
10.7,3.7,-222,0.356,155,20.3,1027,231.9,299.4,0.8
10.7,3.7,-222,0.356,196,20.3,1028,201.6,299.4,0.7
10.7,3.7,-222,0.356,237,20.3,1029,191.7,299.4,0.6
10.7,3.7,-222,0.356,279,20.3,1030,202.0,299.4,0.7
10.7,3.7,-141,0.203,30,15.5,1031,209.6,299.4,0.7
10.7,3.7,-141,0.203,72,15.5,1032,260.7,299.4,0.9
10.7,3.7,-141,0.203,113,15.5,1033,246.3,299.4,0.8
10.7,3.7,-141,0.203,155,15.5,1034,229.6,299.4,0.8
10.7,3.7,-141,0.203,196,15.5,1035,206.1,299.4,0.7
10.7,3.7,-141,0.203,237,15.5,1036,212.9,299.4,0.7
10.7,3.7,-141,0.203,279,15.5,1037,211.7,299.4,0.7
10.7,3.7,-141,0.279,30,18.1,1038,206.1,299.4,0.7
10.7,3.7,-141,0.279,72,18.1,1039,213.8,299.4,0.7
10.7,3.7,-141,0.279,113,18.1,1040,211.3,299.4,0.7
10.7,3.7,-141,0.279,155,18.1,1041,234.6,299.4,0.8
10.7,3.7,-141,0.279,196,18.1,1042,197.6,299.4,0.7
10.7,3.7,-141,0.279,237,18.1,1043,297.5,299.4,1.0
10.7,3.7,-141,0.356,196,20.3,1044,310.5,299.4,1.0
10.7,3.7,-141,0.356,237,20.3,1045,195.0,299.4,0.7
10.7,3.7,-141,0.356,279,20.3,1046,213.7,299.4,0.7
10.7,3.7,-59,0.203,30,15.5,1047,213.6,299.4,0.7
10.7,3.7,-59,0.203,72,15.5,1048,264.2,299.4,0.9
10.7,3.7,-59,0.203,113,15.5,1049,234.8,299.4,0.8
10.7,3.7,-59,0.203,155,15.5,1050,231.8,299.4,0.8
10.7,3.7,-59,0.203,196,15.5,1051,207.6,299.4,0.7
10.7,3.7,-59,0.203,237,15.5,1052,223.8,299.4,0.7
10.7,3.7,-59,0.203,279,15.5,1053,346.2,299.4,1.2
10.7,3.7,-59,0.203,320,15.5,1054,205.4,299.4,0.7
10.7,3.7,-59,0.203,362,15.5,1055,204.8,299.4,0.7
10.7,3.7,-59,0.203,403,15.5,1056,207.5,299.4,0.7
10.7,3.7,-59,0.279,30,18.1,1057,237.3,299.4,0.8
10.7,3.7,-59,0.279,72,18.1,1058,226.7,299.4,0.8
10.7,3.7,-59,0.279,113,18.1,1059,223.9,299.4,0.7
10.7,3.7,-59,0.279,155,18.1,1060,255.9,299.4,0.9
10.7,3.7,-59,0.279,196,18.1,1061,355.2,299.4,1.2
10.7,3.7,-59,0.279,237,18.1,1062,197.1,299.4,0.7
10.7,3.7,-59,0.279,279,18.1,1063,494.5,299.4,1.7
10.7,3.7,-59,0.279,320,18.1,1064,200.5,299.4,0.7
10.7,3.7,-59,0.356,113,20.3,1065,285.8,299.4,1.0
10.7,3.7,-59,0.356,155,20.3,1066,227.5,299.4,0.8
10.7,3.7,22,0.203,113,15.5,1067,218.7,299.4,0.7
10.7,3.7,22,0.203,155,15.5,1068,238.1,299.4,0.8
10.7,3.7,22,0.279,113,18.1,1069,235.1,299.4,0.8
10.7,3.7,22,0.279,155,18.1,1070,257.3,299.4,0.9
10.7,3.7,103,0.203,30,15.5,1071,228.5,299.4,0.8
10.7,3.7,103,0.203,72,15.5,1072,248.9,299.4,0.8
10.7,3.7,103,0.279,72,18.1,1073,231.8,299.4,0.8
10.7,3.7,184,0.127,72,12.3,1074,250.5,299.4,0.8
10.7,3.7,184,0.203,30,15.5,1075,222.0,299.4,0.7
10.7,3.7,184,0.203,72,15.5,1076,343.3,299.4,1.1
10.7,7.0,-303,0.279,72,18.1,1077,220.5,188.4,1.2
10.7,7.0,-303,0.279,113,18.1,1078,237.7,188.4,1.3
10.7,7.0,-303,0.356,113,20.3,1079,199.5,188.4,1.1
10.7,7.0,-222,0.203,30,15.5,1080,216.8,188.4,1.2
10.7,7.0,-222,0.203,113,15.5,1081,204.5,188.4,1.1
10.7,7.0,-222,0.203,155,15.5,1082,234.4,188.4,1.2
10.7,7.0,-222,0.203,196,15.5,1083,221.6,188.4,1.2
10.7,7.0,-222,0.203,237,15.5,1084,208.1,188.4,1.1
10.7,7.0,-222,0.279,72,18.1,1085,214.8,188.4,1.1
10.7,7.0,-222,0.279,113,18.1,1086,211.3,188.4,1.1
10.7,7.0,-222,0.279,155,18.1,1087,216.2,188.4,1.1
10.7,7.0,-222,0.279,196,18.1,1088,203.5,188.4,1.1
10.7,7.0,-222,0.279,237,18.1,1089,198.1,188.4,1.1
10.7,7.0,-222,0.279,279,18.1,1090,202.3,188.4,1.1
10.7,7.0,-222,0.279,320,18.1,1091,196.4,188.4,1.0
10.7,7.0,-222,0.279,362,18.1,1092,202.9,188.4,1.1
10.7,7.0,-222,0.279,403,18.1,1093,250.0,188.4,1.3
10.7,7.0,-222,0.356,196,20.3,1094,197.5,188.4,1.0
10.7,7.0,-222,0.356,237,20.3,1095,189.9,188.4,1.0
10.7,7.0,-222,0.356,279,20.3,1096,398.7,188.4,2.1
10.7,7.0,-222,0.356,320,20.3,1097,372.4,188.4,2.0
10.7,7.0,-222,0.356,362,20.3,1098,417.5,188.4,2.2
10.7,7.0,-141,0.203,72,15.5,1099,244.3,188.4,1.3
10.7,7.0,-141,0.203,113,15.5,1100,244.4,188.4,1.3
10.7,7.0,-141,0.203,155,15.5,1101,229.1,188.4,1.2
10.7,7.0,-141,0.203,196,15.5,1102,210.7,188.4,1.1
10.7,7.0,-141,0.203,237,15.5,1103,206.9,188.4,1.1
10.7,7.0,-141,0.203,279,15.5,1104,201.8,188.4,1.1
10.7,7.0,-141,0.279,72,18.1,1105,232.0,188.4,1.2
10.7,7.0,-141,0.279,113,18.1,1106,219.1,188.4,1.2
10.7,7.0,-141,0.279,155,18.1,1107,195.4,188.4,1.0
10.7,7.0,-141,0.279,196,18.1,1108,203.3,188.4,1.1
10.7,7.0,-141,0.279,237,18.1,1109,197.2,188.4,1.0
10.7,7.0,-141,0.279,279,18.1,1110,317.5,188.4,1.7
10.7,7.0,-141,0.279,320,18.1,1111,329.1,188.4,1.7
10.7,7.0,-141,0.279,362,18.1,1112,194.2,188.4,1.0
10.7,7.0,-141,0.356,113,20.3,1113,229.6,188.4,1.2
10.7,7.0,-141,0.356,155,20.3,1114,218.9,188.4,1.2
10.7,7.0,-141,0.356,196,20.3,1115,260.5,188.4,1.4
10.7,7.0,-141,0.356,237,20.3,1116,191.7,188.4,1.0
10.7,7.0,-59,0.203,72,15.5,1117,226.3,188.4,1.2
10.7,7.0,-59,0.203,113,15.5,1118,219.3,188.4,1.2
10.7,7.0,-59,0.203,155,15.5,1119,230.2,188.4,1.2
10.7,7.0,-59,0.203,196,15.5,1120,208.6,188.4,1.1
10.7,7.0,-59,0.203,237,15.5,1121,205.4,188.4,1.1
10.7,7.0,-59,0.203,279,15.5,1122,208.9,188.4,1.1
10.7,7.0,-59,0.203,320,15.5,1123,209.4,188.4,1.1
10.7,7.0,-59,0.203,362,15.5,1124,207.0,188.4,1.1
10.7,7.0,-59,0.203,403,15.5,1125,206.6,188.4,1.1
10.7,7.0,-59,0.279,72,18.1,1126,289.7,188.4,1.5
10.7,7.0,-59,0.279,113,18.1,1127,258.1,188.4,1.4
10.7,7.0,-59,0.279,155,18.1,1128,223.9,188.4,1.2
10.7,7.0,-59,0.279,196,18.1,1129,193.9,188.4,1.0
10.7,7.0,-59,0.279,237,18.1,1130,202.7,188.4,1.1
10.7,7.0,-59,0.279,279,18.1,1131,449.7,188.4,2.4
10.7,7.0,-59,0.279,320,18.1,1132,209.4,188.4,1.1
10.7,7.0,-59,0.279,362,18.1,1133,210.0,188.4,1.1
10.7,7.0,-59,0.279,403,18.1,1134,249.0,188.4,1.3
10.7,7.0,22,0.203,155,15.5,1135,315.9,188.4,1.7
10.7,7.0,22,0.279,155,18.1,1136,256.7,188.4,1.4
10.7,7.0,103,0.203,30,15.5,1137,211.1,188.4,1.1
10.7,7.0,103,0.203,72,15.5,1138,239.6,188.4,1.3
10.7,7.0,103,0.203,113,15.5,1139,237.5,188.4,1.3
10.7,7.0,103,0.279,30,18.1,1140,846.1,188.4,4.5
10.7,7.0,103,0.279,72,18.1,1141,276.7,188.4,1.5
10.7,7.0,184,0.203,72,15.5,1142,327.0,188.4,1.7
10.7,10.3,-384,0.279,113,18.1,1143,201.9,122.8,1.6
10.7,10.3,-303,0.279,113,18.1,1144,227.8,122.8,1.9
10.7,10.3,-222,0.203,113,15.5,1145,226.7,122.8,1.8
10.7,10.3,-222,0.279,72,18.1,1146,211.0,122.8,1.7
10.7,10.3,-222,0.279,155,18.1,1147,225.3,122.8,1.8
10.7,10.3,-222,0.279,320,18.1,1148,248.7,122.8,2.0
10.7,10.3,-222,0.279,362,18.1,1149,270.0,122.8,2.2
10.7,10.3,-222,0.279,403,18.1,1150,235.1,122.8,1.9
10.7,10.3,-222,0.356,237,20.3,1151,193.0,122.8,1.6
10.7,10.3,-222,0.356,279,20.3,1152,203.1,122.8,1.7
10.7,10.3,-222,0.356,320,20.3,1153,189.5,122.8,1.5
10.7,10.3,-222,0.356,362,20.3,1154,267.5,122.8,2.2
10.7,10.3,-141,0.203,72,15.5,1155,252.6,122.8,2.1
10.7,10.3,-141,0.203,113,15.5,1156,261.4,122.8,2.1
10.7,10.3,-141,0.203,155,15.5,1157,261.9,122.8,2.1
10.7,10.3,-141,0.203,196,15.5,1158,209.4,122.8,1.7
10.7,10.3,-141,0.203,237,15.5,1159,203.9,122.8,1.7
10.7,10.3,-141,0.203,279,15.5,1160,214.3,122.8,1.7
10.7,10.3,-141,0.203,320,15.5,1161,206.0,122.8,1.7
10.7,10.3,-141,0.203,362,15.5,1162,210.5,122.8,1.7
10.7,10.3,-141,0.279,72,18.1,1163,202.1,122.8,1.6
10.7,10.3,-141,0.279,113,18.1,1164,223.3,122.8,1.8
10.7,10.3,-141,0.279,155,18.1,1165,269.2,122.8,2.2
10.7,10.3,-141,0.279,196,18.1,1166,206.4,122.8,1.7
10.7,10.3,-141,0.279,237,18.1,1167,191.4,122.8,1.6
10.7,10.3,-141,0.279,279,18.1,1168,198.2,122.8,1.6
10.7,10.3,-141,0.279,320,18.1,1169,198.0,122.8,1.6
10.7,10.3,-141,0.279,362,18.1,1170,320.2,122.8,2.6
10.7,10.3,-141,0.279,403,18.1,1171,599.1,122.8,4.9
10.7,10.3,-141,0.356,113,20.3,1172,202.7,122.8,1.7
10.7,10.3,-141,0.356,155,20.3,1173,242.5,122.8,2.0
10.7,10.3,-141,0.356,196,20.3,1174,194.8,122.8,1.6
10.7,10.3,-141,0.356,237,20.3,1175,228.8,122.8,1.9
10.7,10.3,-59,0.203,30,15.5,1176,211.5,122.8,1.7
10.7,10.3,-59,0.203,72,15.5,1177,245.7,122.8,2.0
10.7,10.3,-59,0.203,113,15.5,1178,213.7,122.8,1.7
10.7,10.3,-59,0.203,155,15.5,1179,224.1,122.8,1.8
10.7,10.3,-59,0.203,196,15.5,1180,213.6,122.8,1.7
10.7,10.3,-59,0.203,237,15.5,1181,208.7,122.8,1.7
10.7,10.3,-59,0.203,279,15.5,1182,206.3,122.8,1.7
10.7,10.3,-59,0.203,320,15.5,1183,206.9,122.8,1.7
10.7,10.3,-59,0.203,362,15.5,1184,212.5,122.8,1.7
10.7,10.3,-59,0.279,113,18.1,1185,239.7,122.8,2.0
10.7,10.3,-59,0.279,155,18.1,1186,254.4,122.8,2.1
10.7,10.3,-59,0.279,196,18.1,1187,203.2,122.8,1.7
10.7,10.3,-59,0.279,237,18.1,1188,217.1,122.8,1.8
10.7,10.3,-59,0.279,279,18.1,1189,197.0,122.8,1.6
10.7,10.3,-59,0.279,320,18.1,1190,405.1,122.8,3.3
10.7,10.3,-59,0.279,362,18.1,1191,208.1,122.8,1.7
10.7,10.3,103,0.203,72,15.5,1192,231.6,122.8,1.9
10.7,10.3,103,0.203,113,15.5,1193,292.3,122.8,2.4
10.7,10.3,103,0.279,72,18.1,1194,271.2,122.8,2.2
10.7,10.3,184,0.203,72,15.5,1195,345.0,122.8,2.8
10.7,10.3,184,0.203,113,15.5,1196,259.4,122.8,2.1
10.7,13.6,-465,0.279,113,18.1,1197,210.5,82.8,2.5
10.7,13.6,-465,0.356,113,20.3,1198,191.9,82.8,2.3
10.7,13.6,-384,0.203,113,15.5,1199,191.9,82.8,2.3
10.7,13.6,-384,0.279,113,18.1,1200,195.7,82.8,2.4
10.7,13.6,-384,0.356,113,20.3,1201,265.5,82.8,3.2
10.7,13.6,-303,0.203,30,15.5,1202,213.8,82.8,2.6
10.7,13.6,-303,0.203,72,15.5,1203,235.9,82.8,2.8
10.7,13.6,-303,0.203,113,15.5,1204,208.9,82.8,2.5
10.7,13.6,-222,0.203,113,15.5,1205,231.3,82.8,2.8
10.7,13.6,-222,0.203,155,15.5,1206,223.8,82.8,2.7
10.7,13.6,-222,0.279,72,18.1,1207,218.5,82.8,2.6
10.7,13.6,-222,0.279,113,18.1,1208,208.9,82.8,2.5
10.7,13.6,-222,0.279,155,18.1,1209,233.0,82.8,2.8
10.7,13.6,-222,0.279,196,18.1,1210,196.2,82.8,2.4
10.7,13.6,-222,0.279,237,18.1,1211,198.5,82.8,2.4
10.7,13.6,-222,0.356,113,20.3,1212,217.4,82.8,2.6
10.7,13.6,-222,0.356,155,20.3,1213,202.7,82.8,2.4
10.7,13.6,-222,0.356,196,20.3,1214,614.8,82.8,7.4
10.7,13.6,-141,0.203,72,15.5,1215,227.0,82.8,2.7
10.7,13.6,-141,0.203,113,15.5,1216,227.1,82.8,2.7
10.7,13.6,-141,0.203,155,15.5,1217,249.7,82.8,3.0
10.7,13.6,-141,0.203,196,15.5,1218,209.9,82.8,2.5
10.7,13.6,-141,0.203,237,15.5,1219,273.8,82.8,3.3
10.7,13.6,-141,0.203,279,15.5,1220,203.8,82.8,2.5
10.7,13.6,-141,0.279,113,18.1,1221,247.9,82.8,3.0
10.7,13.6,-141,0.279,155,18.1,1222,249.4,82.8,3.0
10.7,13.6,-141,0.279,196,18.1,1223,287.0,82.8,3.5
10.7,13.6,-141,0.279,237,18.1,1224,308.7,82.8,3.7
10.7,13.6,-141,0.279,279,18.1,1225,218.2,82.8,2.6
10.7,13.6,-141,0.356,155,20.3,1226,206.6,82.8,2.5
10.7,13.6,-141,0.356,237,20.3,1227,229.0,82.8,2.8
10.7,13.6,-141,0.356,279,20.3,1228,206.8,82.8,2.5
10.7,13.6,-59,0.127,113,12.3,1229,251.9,82.8,3.0
10.7,13.6,-59,0.203,72,15.5,1230,223.4,82.8,2.7
10.7,13.6,-59,0.203,113,15.5,1231,272.4,82.8,3.3
10.7,13.6,-59,0.203,155,15.5,1232,234.3,82.8,2.8
10.7,13.6,-59,0.203,196,15.5,1233,214.7,82.8,2.6
10.7,13.6,-59,0.203,237,15.5,1234,207.0,82.8,2.5
10.7,13.6,-59,0.279,113,18.1,1235,283.5,82.8,3.4
10.7,13.6,-59,0.279,155,18.1,1236,267.2,82.8,3.2
10.7,13.6,-59,0.279,196,18.1,1237,915.0,82.8,11.1
10.7,13.6,103,0.203,72,15.5,1238,293.5,82.8,3.5
10.7,16.9,-546,0.279,113,18.1,1239,210.6,56.8,3.7
10.7,16.9,-465,0.203,72,15.5,1240,225.4,56.8,4.0
10.7,16.9,-465,0.279,113,18.1,1241,219.8,56.8,3.9
10.7,16.9,-384,0.203,72,15.5,1242,223.0,56.8,3.9
10.7,16.9,-384,0.279,113,18.1,1243,221.9,56.8,3.9
10.7,16.9,-384,0.279,155,18.1,1244,209.4,56.8,3.7
10.7,16.9,-303,0.203,72,15.5,1245,214.7,56.8,3.8
10.7,16.9,-303,0.279,72,18.1,1246,251.2,56.8,4.4
10.7,16.9,-303,0.279,113,18.1,1247,200.6,56.8,3.5
10.7,16.9,-222,0.203,72,15.5,1248,233.9,56.8,4.1
10.7,16.9,-222,0.203,113,15.5,1249,258.7,56.8,4.6
10.7,16.9,-222,0.279,72,18.1,1250,229.8,56.8,4.0
10.7,16.9,-222,0.279,113,18.1,1251,210.8,56.8,3.7
10.7,16.9,-222,0.279,155,18.1,1252,222.4,56.8,3.9
10.7,16.9,-141,0.127,113,12.3,1253,232.8,56.8,4.1
10.7,16.9,-141,0.203,72,15.5,1254,224.5,56.8,4.0
10.7,16.9,-141,0.203,113,15.5,1255,250.0,56.8,4.4
10.7,16.9,-141,0.203,155,15.5,1256,272.6,56.8,4.8
10.7,16.9,-141,0.279,113,18.1,1257,230.7,56.8,4.1
10.7,16.9,-141,0.279,155,18.1,1258,247.5,56.8,4.4
10.7,16.9,-59,0.127,113,12.3,1259,249.4,56.8,4.4
10.7,16.9,-59,0.203,72,15.5,1260,241.9,56.8,4.3
10.7,16.9,-59,0.203,113,15.5,1261,211.4,56.8,3.7
10.7,20.2,-546,0.203,113,15.5,1262,215.6,41.5,5.2
10.7,20.2,-546,0.279,72,18.1,1263,204.7,41.5,4.9
10.7,20.2,-546,0.279,113,18.1,1264,209.2,41.5,5.0
10.7,20.2,-465,0.203,72,15.5,1265,222.5,41.5,5.4
10.7,20.2,-465,0.203,113,15.5,1266,208.4,41.5,5.0
10.7,20.2,-465,0.279,113,18.1,1267,211.4,41.5,5.1
10.7,20.2,-465,0.279,155,18.1,1268,216.6,41.5,5.2
10.7,20.2,-384,0.203,155,15.5,1269,224.6,41.5,5.4
10.7,20.2,-384,0.279,113,18.1,1270,207.9,41.5,5.0
10.7,20.2,-384,0.279,155,18.1,1271,203.3,41.5,4.9
10.7,20.2,-303,0.203,113,15.5,1272,216.1,41.5,5.2
10.7,20.2,-303,0.203,155,15.5,1273,227.6,41.5,5.5
10.7,20.2,-303,0.279,72,18.1,1274,205.1,41.5,4.9
10.7,20.2,-303,0.279,113,18.1,1275,206.5,41.5,5.0
10.7,20.2,-222,0.203,72,15.5,1276,229.0,41.5,5.5
10.7,20.2,-222,0.203,113,15.5,1277,231.0,41.5,5.6
10.7,20.2,-222,0.203,155,15.5,1278,219.2,41.5,5.3
10.7,20.2,-222,0.279,72,18.1,1279,224.6,41.5,5.4
10.7,20.2,-141,0.127,113,12.3,1280,234.7,41.5,5.7
10.7,20.2,-141,0.203,72,15.5,1281,225.9,41.5,5.4
10.7,20.2,-141,0.203,113,15.5,1282,221.5,41.5,5.3
10.7,20.2,-141,0.203,155,15.5,1283,233.1,41.5,5.6
10.7,23.4,-465,0.203,72,15.5,1284,230.9,30.8,7.5
10.7,23.4,103,0.279,30,18.1,1285,207.5,30.8,6.7
10.7,23.4,103,0.279,72,18.1,1286,273.0,30.8,8.9
10.7,26.7,-59,0.203,30,15.5,1287,222.1,23.5,9.5
10.7,26.7,-59,0.279,30,18.1,1288,325.6,23.5,13.9
10.7,26.7,22,0.203,30,15.5,1289,242.3,23.5,10.3
10.7,26.7,22,0.203,72,15.5,1290,246.5,23.5,10.5
10.7,26.7,103,0.203,30,15.5,1291,215.5,23.5,9.2
10.7,26.7,103,0.203,72,15.5,1292,225.9,23.5,9.6
10.7,26.7,103,0.279,72,18.1,1293,261.9,23.5,11.1
11.9,0.5,-222,0.279,72,18.1,1294,225.8,482,0.5
11.9,0.5,-222,0.279,113,18.1,1295,223.4,482,0.5
11.9,0.5,-222,0.356,113,20.3,1296,192.8,482,0.4
11.9,0.5,-141,0.279,72,18.1,1297,212.7,482,0.4
11.9,0.5,-141,0.279,113,18.1,1298,201.5,482,0.4
11.9,0.5,-141,0.279,155,18.1,1299,250.8,482,0.5
11.9,0.5,-141,0.279,196,18.1,1300,337.7,482,0.7
11.9,0.5,-141,0.279,237,18.1,1301,188.4,482,0.4
11.9,0.5,-141,0.356,113,20.3,1302,249.0,482,0.5
11.9,0.5,-59,0.203,72,15.5,1303,219.7,482,0.5
11.9,0.5,-59,0.203,113,15.5,1304,236.8,482,0.5
11.9,0.5,-59,0.279,72,18.1,1305,214.5,482,0.4
11.9,0.5,-59,0.279,113,18.1,1306,229.9,482,0.5
11.9,0.5,-59,0.279,155,18.1,1307,210.0,482,0.4
11.9,0.5,-59,0.279,196,18.1,1308,181.7,482,0.4
11.9,0.5,-59,0.356,72,20.3,1309,208.1,482,0.4
11.9,0.5,-59,0.356,113,20.3,1310,236.4,482,0.5
11.9,0.5,-59,0.356,155,20.3,1311,215.6,482,0.4
11.9,0.5,-59,0.356,196,20.3,1312,176.2,482,0.4
11.9,3.7,-303,0.279,237,18.1,1313,180.8,299.4,0.6
11.9,3.7,-303,0.279,279,18.1,1314,180.5,299.4,0.6
11.9,3.7,-303,0.279,320,18.1,1315,218.0,299.4,0.7
11.9,3.7,-222,0.279,155,18.1,1316,211.7,299.4,0.7
11.9,3.7,-222,0.279,196,18.1,1317,193.1,299.4,0.6
11.9,3.7,-222,0.279,237,18.1,1318,182.1,299.4,0.6
11.9,3.7,-222,0.279,279,18.1,1319,186.2,299.4,0.6
11.9,3.7,-222,0.279,320,18.1,1320,211.1,299.4,0.7
11.9,3.7,-222,0.356,155,20.3,1321,276.2,299.4,0.9
11.9,3.7,-222,0.356,196,20.3,1322,191.4,299.4,0.6
11.9,3.7,-222,0.356,279,20.3,1323,807.9,299.4,2.7
11.9,3.7,-222,0.432,237,22.1,1324,187.0,299.4,0.6
11.9,3.7,-141,0.203,113,15.5,1325,211.0,299.4,0.7
11.9,3.7,-141,0.279,72,18.1,1326,222.3,299.4,0.7
11.9,3.7,-141,0.279,113,18.1,1327,204.7,299.4,0.7
11.9,3.7,-141,0.279,155,18.1,1328,205.6,299.4,0.7
11.9,3.7,-141,0.279,196,18.1,1329,186.1,299.4,0.6
11.9,3.7,-141,0.279,237,18.1,1330,185.1,299.4,0.6
11.9,3.7,-141,0.279,279,18.1,1331,180.9,299.4,0.6
11.9,3.7,-141,0.356,72,20.3,1332,207.6,299.4,0.7
11.9,3.7,-141,0.356,113,20.3,1333,241.8,299.4,0.8
11.9,3.7,-141,0.356,155,20.3,1334,217.4,299.4,0.7
11.9,3.7,-141,0.356,196,20.3,1335,188.5,299.4,0.6
11.9,3.7,-141,0.356,237,20.3,1336,189.2,299.4,0.6
11.9,3.7,-141,0.356,279,20.3,1337,180.6,299.4,0.6
11.9,3.7,-141,0.432,196,22.1,1338,185.4,299.4,0.6
11.9,3.7,-141,0.432,237,22.1,1339,189.9,299.4,0.6
11.9,3.7,-59,0.279,72,18.1,1340,209.8,299.4,0.7
11.9,3.7,-59,0.279,113,18.1,1341,233.6,299.4,0.8
11.9,3.7,-59,0.279,155,18.1,1342,205.0,299.4,0.7
11.9,3.7,-59,0.279,196,18.1,1343,202.1,299.4,0.7
11.9,3.7,-59,0.356,113,20.3,1344,231.3,299.4,0.8
11.9,3.7,-59,0.356,155,20.3,1345,198.9,299.4,0.7
11.9,3.7,-59,0.356,196,20.3,1346,326.2,299.4,1.1
11.9,7.0,-303,0.356,113,20.3,1347,216.5,188.4,1.1
11.9,7.0,-222,0.279,72,18.1,1348,228.6,188.4,1.2
11.9,7.0,-222,0.279,113,18.1,1349,192.5,188.4,1.0
11.9,7.0,-222,0.279,320,18.1,1350,184.3,188.4,1.0
11.9,7.0,-222,0.356,113,20.3,1351,230.4,188.4,1.2
11.9,7.0,-222,0.356,237,20.3,1352,181.1,188.4,1.0
11.9,7.0,-222,0.356,279,20.3,1353,185.0,188.4,1.0
11.9,7.0,-141,0.203,196,15.5,1354,188.7,188.4,1.0
11.9,7.0,-141,0.279,72,18.1,1355,234.8,188.4,1.2
11.9,7.0,-141,0.279,113,18.1,1356,215.4,188.4,1.1
11.9,7.0,-141,0.279,155,18.1,1357,206.4,188.4,1.1
11.9,7.0,-141,0.279,196,18.1,1358,184.2,188.4,1.0
11.9,7.0,-141,0.279,237,18.1,1359,197.0,188.4,1.0
11.9,7.0,-141,0.279,279,18.1,1360,315.9,188.4,1.7
11.9,7.0,-141,0.279,320,18.1,1361,177.0,188.4,0.9
11.9,7.0,-141,0.356,113,20.3,1362,206.9,188.4,1.1
11.9,7.0,-141,0.356,155,20.3,1363,243.2,188.4,1.3
11.9,7.0,-141,0.356,196,20.3,1364,834.3,188.4,4.4
11.9,7.0,-141,0.356,237,20.3,1365,465.1,188.4,2.5
11.9,7.0,-141,0.432,237,22.1,1366,169.5,188.4,0.9
11.9,7.0,-59,0.203,196,15.5,1367,204.5,188.4,1.1
11.9,7.0,-59,0.279,113,18.1,1368,219.8,188.4,1.2
11.9,7.0,-59,0.279,155,18.1,1369,241.2,188.4,1.3
11.9,7.0,-59,0.279,196,18.1,1370,178.4,188.4,0.9
11.9,7.0,-59,0.279,237,18.1,1371,180.7,188.4,1.0
11.9,7.0,-59,0.279,320,18.1,1372,190.1,188.4,1.0
11.9,7.0,-59,0.356,113,20.3,1373,228.2,188.4,1.2
11.9,7.0,-59,0.356,155,20.3,1374,334.9,188.4,1.8
11.9,7.0,-59,0.356,196,20.3,1375,212.5,188.4,1.1
11.9,7.0,103,0.279,72,18.1,1376,205.6,188.4,1.1
11.9,10.3,-384,0.279,113,18.1,1377,216.3,122.8,1.8
11.9,10.3,-303,0.279,30,18.1,1378,190.2,122.8,1.5
11.9,10.3,-303,0.279,72,18.1,1379,204.4,122.8,1.7
11.9,10.3,-303,0.279,113,18.1,1380,194.2,122.8,1.6
11.9,10.3,-303,0.356,113,20.3,1381,181.4,122.8,1.5
11.9,10.3,-303,0.356,155,20.3,1382,201.6,122.8,1.6
11.9,10.3,-222,0.279,72,18.1,1383,199.8,122.8,1.6
11.9,10.3,-222,0.279,113,18.1,1384,191.0,122.8,1.6
11.9,10.3,-222,0.279,155,18.1,1385,213.8,122.8,1.7
11.9,10.3,-222,0.356,113,20.3,1386,203.3,122.8,1.7
11.9,10.3,-222,0.356,155,20.3,1387,309.5,122.8,2.5
11.9,10.3,-222,0.356,237,20.3,1388,183.8,122.8,1.5
11.9,10.3,-222,0.356,279,20.3,1389,190.6,122.8,1.6
11.9,10.3,-222,0.356,320,20.3,1390,169.6,122.8,1.4
11.9,10.3,-141,0.203,113,15.5,1391,204.8,122.8,1.7
11.9,10.3,-141,0.203,196,15.5,1392,189.4,122.8,1.5
11.9,10.3,-141,0.279,72,18.1,1393,242.2,122.8,2.0
11.9,10.3,-141,0.279,113,18.1,1394,190.6,122.8,1.6
11.9,10.3,-141,0.279,155,18.1,1395,232.5,122.8,1.9
11.9,10.3,-141,0.279,196,18.1,1396,201.8,122.8,1.6
11.9,10.3,-141,0.279,237,18.1,1397,198.9,122.8,1.6
11.9,10.3,-141,0.279,279,18.1,1398,179.9,122.8,1.5
11.9,10.3,-141,0.279,320,18.1,1399,187.4,122.8,1.5
11.9,10.3,-141,0.279,362,18.1,1400,361.9,122.8,2.9
11.9,10.3,-141,0.356,113,20.3,1401,217.5,122.8,1.8
11.9,10.3,-141,0.356,155,20.3,1402,200.9,122.8,1.6
11.9,10.3,-141,0.356,196,20.3,1403,408.3,122.8,3.3
11.9,10.3,-141,0.356,237,20.3,1404,199.3,122.8,1.6
11.9,10.3,-141,0.356,279,20.3,1405,189.1,122.8,1.5
11.9,10.3,-141,0.432,196,22.1,1406,263.8,122.8,2.1
11.9,10.3,-141,0.432,237,22.1,1407,308.0,122.8,2.5
11.9,10.3,-59,0.203,155,15.5,1408,265.5,122.8,2.2
11.9,10.3,-59,0.203,196,15.5,1409,194.9,122.8,1.6
11.9,10.3,-59,0.279,113,18.1,1410,184.4,122.8,1.5
11.9,10.3,-59,0.279,155,18.1,1411,232.9,122.8,1.9
11.9,10.3,-59,0.279,196,18.1,1412,210.5,122.8,1.7
11.9,10.3,-59,0.279,237,18.1,1413,188.2,122.8,1.5
11.9,10.3,-59,0.356,196,20.3,1414,191.2,122.8,1.6
11.9,10.3,-59,0.356,237,20.3,1415,495.8,122.8,4.0
11.9,13.6,-384,0.279,72,18.1,1416,212.8,82.8,2.6
11.9,13.6,-384,0.356,113,20.3,1417,203.7,82.8,2.5
11.9,13.6,-384,0.356,155,20.3,1418,194.2,82.8,2.3
11.9,13.6,-303,0.279,30,18.1,1419,207.7,82.8,2.5
11.9,13.6,-303,0.279,72,18.1,1420,242.8,82.8,2.9
11.9,13.6,-303,0.279,113,18.1,1421,215.1,82.8,2.6
11.9,13.6,-303,0.356,113,20.3,1422,198.2,82.8,2.4
11.9,13.6,-303,0.356,155,20.3,1423,225.1,82.8,2.7
11.9,13.6,-303,0.356,196,20.3,1424,179.8,82.8,2.2
11.9,13.6,-222,0.279,113,18.1,1425,228.5,82.8,2.8
11.9,13.6,-222,0.279,155,18.1,1426,213.8,82.8,2.6
11.9,13.6,-222,0.279,196,18.1,1427,182.8,82.8,2.2
11.9,13.6,-222,0.279,237,18.1,1428,232.2,82.8,2.8
11.9,13.6,-222,0.356,113,20.3,1429,243.1,82.8,2.9
11.9,13.6,-222,0.356,155,20.3,1430,207.7,82.8,2.5
11.9,13.6,-222,0.356,196,20.3,1431,174.3,82.8,2.1
11.9,13.6,-222,0.356,237,20.3,1432,200.1,82.8,2.4
11.9,13.6,-141,0.203,113,15.5,1433,221.1,82.8,2.7
11.9,13.6,-141,0.203,155,15.5,1434,200.0,82.8,2.4
11.9,13.6,-141,0.203,196,15.5,1435,188.0,82.8,2.3
11.9,13.6,-141,0.203,237,15.5,1436,190.1,82.8,2.3
11.9,13.6,-141,0.279,72,18.1,1437,213.4,82.8,2.6
11.9,13.6,-141,0.279,155,18.1,1438,231.7,82.8,2.8
11.9,13.6,-141,0.279,196,18.1,1439,192.6,82.8,2.3
11.9,13.6,-141,0.279,237,18.1,1440,206.4,82.8,2.5
11.9,13.6,-141,0.279,279,18.1,1441,210.1,82.8,2.5
11.9,13.6,-141,0.279,320,18.1,1442,233.6,82.8,2.8
11.9,13.6,-141,0.356,113,20.3,1443,194.9,82.8,2.4
11.9,13.6,-141,0.356,155,20.3,1444,209.2,82.8,2.5
11.9,13.6,-141,0.356,196,20.3,1445,254.4,82.8,3.1
11.9,13.6,-141,0.356,237,20.3,1446,234.1,82.8,2.8
11.9,13.6,-141,0.356,279,20.3,1447,381.9,82.8,4.6
11.9,13.6,-59,0.203,155,15.5,1448,233.3,82.8,2.8
11.9,13.6,-59,0.279,113,18.1,1449,229.9,82.8,2.8
11.9,13.6,-59,0.279,155,18.1,1450,222.3,82.8,2.7
11.9,13.6,-59,0.279,196,18.1,1451,188.4,82.8,2.3
11.9,16.9,-465,0.279,113,18.1,1452,234.2,56.8,4.1
11.9,16.9,-465,0.356,113,20.3,1453,217.7,56.8,3.8
11.9,16.9,-384,0.203,72,15.5,1454,208.5,56.8,3.7
11.9,16.9,-384,0.279,30,18.1,1455,186.7,56.8,3.3
11.9,16.9,-384,0.279,72,18.1,1456,229.6,56.8,4.0
11.9,16.9,-384,0.279,113,18.1,1457,203.6,56.8,3.6
11.9,16.9,-384,0.356,113,20.3,1458,191.4,56.8,3.4
11.9,16.9,-303,0.279,113,18.1,1459,193.9,56.8,3.4
11.9,16.9,-303,0.279,155,18.1,1460,221.4,56.8,3.9
11.9,16.9,-303,0.279,196,18.1,1461,186.6,56.8,3.3
11.9,16.9,-303,0.356,113,20.3,1462,219.9,56.8,3.9
11.9,16.9,-303,0.356,196,20.3,1463,196.0,56.8,3.5
11.9,16.9,-222,0.203,72,15.5,1464,220.8,56.8,3.9
11.9,16.9,-222,0.203,113,15.5,1465,216.2,56.8,3.8
11.9,16.9,-222,0.203,155,15.5,1466,244.1,56.8,4.3
11.9,16.9,-222,0.279,113,18.1,1467,209.9,56.8,3.7
11.9,16.9,-222,0.279,155,18.1,1468,208.5,56.8,3.7
11.9,16.9,-222,0.279,196,18.1,1469,189.4,56.8,3.3
11.9,16.9,-222,0.356,113,20.3,1470,210.0,56.8,3.7
11.9,16.9,-141,0.203,113,15.5,1471,214.8,56.8,3.8
11.9,16.9,-141,0.203,155,15.5,1472,238.8,56.8,4.2
11.9,16.9,-141,0.279,155,18.1,1473,218.7,56.8,3.9
11.9,20.2,-546,0.279,72,18.1,1474,213.6,41.5,5.1
11.9,20.2,-546,0.279,113,18.1,1475,208.4,41.5,5.0
11.9,20.2,-465,0.279,72,18.1,1476,202.0,41.5,4.9
11.9,20.2,-465,0.279,113,18.1,1477,200.7,41.5,4.8
11.9,20.2,-465,0.279,155,18.1,1478,200.9,41.5,4.8
11.9,20.2,-384,0.203,113,15.5,1479,199.3,41.5,4.8
11.9,20.2,-384,0.279,113,18.1,1480,229.0,41.5,5.5
11.9,20.2,-303,0.279,113,18.1,1481,208.0,41.5,5.0
11.9,20.2,-222,0.203,113,15.5,1482,224.8,41.5,5.4
11.9,20.2,-222,0.203,155,15.5,1483,215.9,41.5,5.2
11.9,20.2,-222,0.203,196,15.5,1484,194.6,41.5,4.7
11.9,20.2,-222,0.279,155,18.1,1485,199.7,41.5,4.8
11.9,20.2,-222,0.279,196,18.1,1486,191.6,41.5,4.6
11.9,20.2,-141,0.203,113,15.5,1487,224.7,41.5,5.4
11.9,20.2,-141,0.203,155,15.5,1488,213.3,41.5,5.1
11.9,23.4,103,0.279,30,18.1,1489,195.9,30.8,6.4
11.9,26.7,22,0.279,30,18.1,1490,197.5,23.5,8.4
11.9,26.7,22,0.279,72,18.1,1491,212.8,23.5,9.1
11.9,26.7,103,0.203,30,15.5,1492,219.5,23.5,9.3
11.9,26.7,103,0.203,72,15.5,1493,210.6,23.5,9.0
11.9,26.7,103,0.279,30,18.1,1494,226.8,23.5,9.6
11.9,26.7,103,0.279,72,18.1,1495,242.2,23.5,10.3
11.9,26.7,103,0.356,30,20.3,1496,190.3,23.5,8.1
13.1,0.5,-141,0.356,72,20.3,1497,200.2,482,0.4
13.1,3.7,-222,0.279,155,18.1,1498,188.2,299.4,0.6
13.1,3.7,-222,0.356,113,20.3,1499,194.3,299.4,0.6
13.1,3.7,-222,0.356,279,20.3,1500,188.7,299.4,0.6
13.1,3.7,-222,0.356,320,20.3,1501,172.9,299.4,0.6
13.1,3.7,-222,0.432,237,22.1,1502,171.8,299.4,0.6
13.1,3.7,-222,0.432,279,22.1,1503,179.3,299.4,0.6
13.1,3.7,-222,0.508,237,23.5,1504,381.6,299.4,1.3
13.1,3.7,-141,0.279,72,18.1,1505,188.6,299.4,0.6
13.1,3.7,-141,0.279,113,18.1,1506,203.0,299.4,0.7
13.1,3.7,-141,0.279,155,18.1,1507,178.7,299.4,0.6
13.1,3.7,-141,0.356,72,20.3,1508,206.2,299.4,0.7
13.1,3.7,-141,0.356,113,20.3,1509,185.1,299.4,0.6
13.1,3.7,-141,0.356,196,20.3,1510,160.6,299.4,0.5
13.1,3.7,-141,0.356,320,20.3,1511,631.5,299.4,2.1
13.1,3.7,-59,0.279,113,18.1,1512,217.3,299.4,0.7
13.1,7.0,-222,0.356,113,20.3,1513,190.6,188.4,1.0
13.1,7.0,-141,0.356,72,20.3,1514,192.2,188.4,1.0
13.1,7.0,-141,0.356,113,20.3,1515,244.0,188.4,1.3
13.1,7.0,-141,0.356,155,20.3,1516,200.6,188.4,1.1
13.1,7.0,-141,0.356,196,20.3,1517,176.7,188.4,0.9
13.1,7.0,-141,0.356,237,20.3,1518,199.9,188.4,1.1
13.1,7.0,-141,0.432,196,22.1,1519,220.5,188.4,1.2
13.1,7.0,-141,0.432,237,22.1,1520,219.9,188.4,1.2
13.1,7.0,-59,0.356,113,20.3,1521,196.5,188.4,1.0
13.1,10.3,-303,0.279,113,18.1,1522,184.2,122.8,1.5
13.1,10.3,-303,0.356,113,20.3,1523,205.1,122.8,1.7
13.1,10.3,-222,0.279,113,18.1,1524,192.4,122.8,1.6
13.1,10.3,-222,0.356,72,20.3,1525,201.2,122.8,1.6
13.1,10.3,-222,0.356,113,20.3,1526,208.3,122.8,1.7
13.1,10.3,-222,0.356,155,20.3,1527,217.8,122.8,1.8
13.1,10.3,-222,0.356,196,20.3,1528,190.5,122.8,1.6
13.1,10.3,-222,0.432,155,22.1,1529,176.2,122.8,1.4
13.1,10.3,-141,0.279,237,18.1,1530,190.3,122.8,1.5
13.1,10.3,-141,0.356,113,20.3,1531,187.7,122.8,1.5
13.1,10.3,-141,0.356,155,20.3,1532,203.0,122.8,1.7
13.1,10.3,-141,0.356,196,20.3,1533,201.6,122.8,1.6
13.1,10.3,-141,0.356,237,20.3,1534,189.4,122.8,1.5
13.1,10.3,-141,0.356,279,20.3,1535,164.5,122.8,1.3
13.1,10.3,-141,0.432,155,22.1,1536,198.6,122.8,1.6
13.1,10.3,-141,0.432,237,22.1,1537,196.8,122.8,1.6
13.1,10.3,-59,0.279,196,18.1,1538,197.0,122.8,1.6
13.1,10.3,-59,0.356,196,20.3,1539,180.9,122.8,1.5
13.1,13.6,-303,0.279,113,18.1,1540,196.9,82.8,2.4
13.1,13.6,-303,0.356,72,20.3,1541,213.6,82.8,2.6
13.1,13.6,-303,0.356,113,20.3,1542,187.0,82.8,2.3
13.1,13.6,-303,0.356,155,20.3,1543,192.8,82.8,2.3
13.1,13.6,-303,0.356,196,20.3,1544,179.8,82.8,2.2
13.1,13.6,-222,0.279,113,18.1,1545,203.7,82.8,2.5
13.1,13.6,-222,0.279,155,18.1,1546,221.8,82.8,2.7
13.1,13.6,-222,0.279,196,18.1,1547,196.9,82.8,2.4
13.1,13.6,-222,0.279,237,18.1,1548,179.4,82.8,2.2
13.1,13.6,-222,0.356,113,20.3,1549,249.3,82.8,3.0
13.1,13.6,-222,0.356,155,20.3,1550,221.8,82.8,2.7
13.1,13.6,-222,0.356,196,20.3,1551,270.3,82.8,3.3
13.1,13.6,-222,0.356,237,20.3,1552,162.4,82.8,2.0
13.1,13.6,-141,0.279,155,18.1,1553,207.2,82.8,2.5
13.1,13.6,-141,0.279,196,18.1,1554,180.7,82.8,2.2
13.1,13.6,-141,0.279,237,18.1,1555,187.6,82.8,2.3
13.1,13.6,-141,0.356,196,20.3,1556,190.8,82.8,2.3
13.1,16.9,-384,0.279,72,18.1,1557,230.2,56.8,4.1
13.1,16.9,-384,0.279,155,18.1,1558,209.4,56.8,3.7
13.1,16.9,-384,0.356,72,20.3,1559,178.8,56.8,3.1
13.1,16.9,-384,0.356,113,20.3,1560,190.2,56.8,3.3
13.1,16.9,-384,0.356,155,20.3,1561,197.2,56.8,3.5
13.1,16.9,-384,0.356,196,20.3,1562,158.0,56.8,2.8
13.1,16.9,-303,0.279,113,18.1,1563,199.8,56.8,3.5
13.1,16.9,-303,0.279,155,18.1,1564,215.5,56.8,3.8
13.1,16.9,-303,0.279,196,18.1,1565,175.3,56.8,3.1
13.1,16.9,-303,0.356,113,20.3,1566,203.6,56.8,3.6
13.1,16.9,-303,0.356,155,20.3,1567,188.3,56.8,3.3
13.1,16.9,-303,0.356,196,20.3,1568,168.6,56.8,3.0
13.1,16.9,-222,0.279,155,18.1,1569,207.3,56.8,3.6
13.1,20.2,-465,0.279,72,18.1,1570,187.4,41.5,4.5
13.1,20.2,-465,0.279,113,18.1,1571,192.6,41.5,4.6
13.1,20.2,-465,0.356,113,20.3,1572,216.5,41.5,5.2
13.1,20.2,-384,0.279,72,18.1,1573,188.6,41.5,4.5
13.1,20.2,-384,0.279,113,18.1,1574,207.8,41.5,5.0
13.1,20.2,-384,0.279,155,18.1,1575,192.7,41.5,4.6
13.1,20.2,-384,0.356,155,20.3,1576,195.1,41.5,4.7
13.1,20.2,-384,0.356,196,20.3,1577,173.7,41.5,4.2
13.1,20.2,-303,0.279,113,18.1,1578,242.2,41.5,5.8
13.1,20.2,-303,0.279,155,18.1,1579,205.0,41.5,4.9
13.1,20.2,-303,0.279,196,18.1,1580,188.1,41.5,4.5
13.1,20.2,-303,0.279,237,18.1,1581,176.5,41.5,4.3
13.1,20.2,-303,0.356,113,20.3,1582,192.7,41.5,4.6
13.1,20.2,-222,0.203,155,15.5,1583,193.3,41.5,4.7
13.1,20.2,-222,0.203,196,15.5,1584,201.2,41.5,4.8
13.1,20.2,-222,0.279,155,18.1,1585,203.3,41.5,4.9
13.1,20.2,-222,0.279,196,18.1,1586,174.5,41.5,4.2
13.1,23.4,103,0.356,30,20.3,1587,176.3,30.8,5.7
13.1,26.7,22,0.279,72,18.1,1588,195.1,23.5,8.3
13.1,26.7,103,0.279,30,18.1,1589,184.8,23.5,7.9
13.1,26.7,103,0.279,72,18.1,1590,205.0,23.5,8.7
14.3,7.0,-222,0.356,72,20.3,1591,185.4,188.4,1.0
14.3,7.0,-222,0.356,113,20.3,1592,202.2,188.4,1.1
14.3,7.0,-222,0.432,72,22.1,1593,196.9,188.4,1.0
14.3,7.0,-222,0.432,113,22.1,1594,203.7,188.4,1.1
14.3,10.3,-303,0.356,155,20.3,1595,206.8,122.8,1.7
14.3,10.3,-303,0.432,113,22.1,1596,173.1,122.8,1.4
14.3,10.3,-303,0.432,155,22.1,1597,186.9,122.8,1.5
14.3,10.3,-222,0.356,155,20.3,1598,232.8,122.8,1.9
14.3,10.3,-222,0.432,155,22.1,1599,180.2,122.8,1.5
14.3,10.3,-222,0.432,196,22.1,1600,153.5,122.8,1.3
14.3,13.6,-303,0.356,113,20.3,1601,178.3,82.8,2.2
14.3,13.6,-303,0.356,155,20.3,1602,182.5,82.8,2.2
14.3,13.6,-303,0.432,155,22.1,1603,223.4,82.8,2.7
14.3,13.6,-303,0.432,196,22.1,1604,166.5,82.8,2.0
14.3,13.6,-222,0.356,155,20.3,1605,192.5,82.8,2.3
14.3,13.6,-222,0.356,196,20.3,1606,160.2,82.8,1.9
14.3,16.9,-384,0.356,113,20.3,1607,192.3,56.8,3.4
14.3,20.2,-465,0.356,113,20.3,1608,206.5,41.5,5.0
14.3,20.2,-384,0.279,113,18.1,1609,183.1,41.5,4.4
14.3,20.2,-384,0.279,155,18.1,1610,183.1,41.5,4.4
14.3,20.2,-384,0.356,113,20.3,1611,177.9,41.5,4.3
14.3,20.2,-384,0.356,155,20.3,1612,188.0,41.5,4.5
14.3,20.2,-384,0.356,196,20.3,1613,158.0,41.5,3.8
14.3,20.2,-303,0.279,155,18.1,1614,190.9,41.5,4.6
14.3,20.2,-303,0.279,196,18.1,1615,182.3,41.5,4.4
